old_path,new_path
"data\raw\Data Penduduk BPS\Aceh\Kabupatan Aceh Tamiang\Penduduk, Laju Pertumbuhan Penduduk, Distribusi Persentase Penduduk Kepadatan Penduduk, Rasio Jenis Kelamin Penduduk Menurut Kecamatan di Kabupaten Aceh Tamiang, 2024.xlsx",data\raw\Data Penduduk BPS\Aceh\Kabupatan Aceh Tamiang\data_penduduk_kabupate_001.xlsx
"data\raw\Data Penduduk BPS\Aceh\Kabupaten Aceh Barat\Penduduk, Laju Pertumbuhan Penduduk, Distribusi Persentase Penduduk Kepadatan Penduduk, Rasio Jenis Kelamin Penduduk Menurut Kecamatan di Kabupaten Aceh Barat, 2024.xlsx",data\raw\Data Penduduk BPS\Aceh\Kabupaten Aceh Barat\data_penduduk_kabupate_001.xlsx
"data\raw\Data Penduduk BPS\Aceh\Kabupaten Aceh Barat Daya\Penduduk, Laju Pertumbuhan Penduduk, Distribusi Persentase Penduduk Kepadatan Penduduk, Rasio Jenis Kelamin Penduduk Menurut Kecamatan di Kabupaten Aceh Barat Daya, 2024.xlsx",data\raw\Data Penduduk BPS\Aceh\Kabupaten Aceh Barat Daya\data_penduduk_kabupate_001.xlsx
"data\raw\Data Penduduk BPS\Aceh\Kabupaten Aceh Besar\Penduduk, Laju Pertumbuhan Penduduk, Distribusi Persentase Penduduk, Kepadatan Penduduk, Rasio Jenis Kelamin Penduduk Menurut Kecamatan di Kabupaten Aceh Besar, 2024.xlsx",data\raw\Data Penduduk BPS\Aceh\Kabupaten Aceh Besar\data_penduduk_kabupate_001.xlsx
"data\raw\Data Penduduk BPS\Aceh\Kabupaten Aceh Jaya\Penduduk, Laju Pertumbuhan Penduduk, Distribusi Persentase Penduduk, Kepadatan Penduduk, Rasio Jenis Kelamin Penduduk Menurut Kecamatan di Kabupaten Aceh Jaya, 2024.xlsx",data\raw\Data Penduduk BPS\Aceh\Kabupaten Aceh Jaya\data_penduduk_kabupate_001.xlsx
"data\raw\Data Penduduk BPS\Aceh\Kabupaten Aceh Selatan\Penduduk, Laju Pertumbuhan Penduduk, Distribusi Persentase Penduduk, Kepadatan Penduduk, Rasio Jenis Kelamin Penduduk Menurut Kecamatan di Kabupaten Aceh Selatan, 2024.xlsx",data\raw\Data Penduduk BPS\Aceh\Kabupaten Aceh Selatan\data_penduduk_kabupate_001.xlsx
"data\raw\Data Penduduk BPS\Aceh\Kabupaten Aceh Singkil\Penduduk, Laju Pertumbuhan Penduduk, Distribusi Persentase Penduduk Kepadatan Penduduk, Rasio Jenis Kelamin Penduduk Menurut Kecamatan di Kabupaten Aceh Singkil, 2020.xlsx",data\raw\Data Penduduk BPS\Aceh\Kabupaten Aceh Singkil\data_penduduk_kabupate_001.xlsx
"data\raw\Data Penduduk BPS\Aceh\Kabupaten Aceh Tengah\Penduduk, Laju Pertumbuhan Penduduk, Distribusi Persentase Penduduk, Kepadatan Penduduk, Rasio Jenis Kelamin Penduduk Menurut Kecamatan di Kabupaten Aceh Tengah, 2023.xlsx",data\raw\Data Penduduk BPS\Aceh\Kabupaten Aceh Tengah\data_penduduk_kabupate_001.xlsx
"data\raw\Data Penduduk BPS\Aceh\Kabupaten Aceh Tenggara\Penduduk, Laju Pertumbuhan Penduduk, Distribusi Persentase Penduduk Kepadatan Penduduk, Rasio Jenis Kelamin Penduduk Menurut Kecamatan di Kabupaten Aceh Tenggara, 2022.xlsx",data\raw\Data Penduduk BPS\Aceh\Kabupaten Aceh Tenggara\data_penduduk_kabupate_001.xlsx
"data\raw\Data Penduduk BPS\Aceh\Kabupaten Aceh Timur\Penduduk, Laju Pertumbuhan Penduduk, Distribusi Persentase Penduduk, Kepadatan Penduduk, Rasio Jenis Kelamin Penduduk Menurut Kecamatan di Kabupaten Aceh Timur, 2023.xlsx",data\raw\Data Penduduk BPS\Aceh\Kabupaten Aceh Timur\data_penduduk_kabupate_001.xlsx
"data\raw\Data Penduduk BPS\Aceh\Kabupaten Aceh Utara\Penduduk, Laju Pertumbuhan Penduduk, Distribusi Persentase Penduduk Kepadatan Penduduk, Rasio Jenis Kelamin Penduduk Menurut Kecamatan di Kabupaten Aceh Utara, 2024.xlsx",data\raw\Data Penduduk BPS\Aceh\Kabupaten Aceh Utara\data_penduduk_kabupate_001.xlsx
"data\raw\Data Penduduk BPS\Aceh\Kabupaten Bener Meriah\Penduduk, Laju Pertumbuhan Penduduk, Distribusi Persentase Penduduk Kepadatan Penduduk, Rasio Jenis Kelamin Penduduk Menurut Kecamatan di Kabupaten Bener Meriah, 2024.xlsx",data\raw\Data Penduduk BPS\Aceh\Kabupaten Bener Meriah\data_penduduk_kabupate_001.xlsx
"data\raw\Data Penduduk BPS\Aceh\Kabupaten Bireuen\Penduduk, Laju Pertumbuhan Penduduk, Distribusi Persentase Penduduk Kepadatan Penduduk, Rasio Jenis Kelamin Penduduk Menurut Kecamatan di Kabupaten Bireuen, 2018.xlsx",data\raw\Data Penduduk BPS\Aceh\Kabupaten Bireuen\data_penduduk_kabupate_001.xlsx
"data\raw\Data Penduduk BPS\Aceh\Kabupaten Gayo Lues\Penduduk, Laju Pertumbuhan Penduduk, Distribusi Persentase Penduduk Kepadatan Penduduk, Rasio Jenis Kelamin Penduduk Menurut Kecamatan di Kabupaten Gayo Lues, 2022.xlsx",data\raw\Data Penduduk BPS\Aceh\Kabupaten Gayo Lues\data_penduduk_kabupate_001.xlsx
"data\raw\Data Penduduk BPS\Aceh\Kabupaten Nagan Raya\Penduduk, Laju Pertumbuhan Penduduk, Distribusi Persentase Penduduk, Kepadatan Penduduk, Rasio Jenis Kelamin Penduduk Menurut Kecamatan di Kabupaten Nagan Raya, 2024.xlsx",data\raw\Data Penduduk BPS\Aceh\Kabupaten Nagan Raya\data_penduduk_kabupate_001.xlsx
"data\raw\Data Penduduk BPS\Aceh\Kabupaten Pidie\Penduduk, Laju Pertumbuhan Penduduk, Distribusi Persentase Penduduk Kepadatan Penduduk, Rasio Jenis Kelamin Penduduk Menurut Kecamatan di Kabupaten Pidie, 2024.xlsx",data\raw\Data Penduduk BPS\Aceh\Kabupaten Pidie\data_penduduk_kabupate_001.xlsx
"data\raw\Data Penduduk BPS\Aceh\Kabupaten Pidie Jaya\Penduduk, Laju Pertumbuhan Penduduk, Distribusi Persentase Penduduk Kepadatan Penduduk, Rasio Jenis Kelamin Penduduk Menurut Kecamatan di Kabupaten Pidie Jaya, 2019.xlsx",data\raw\Data Penduduk BPS\Aceh\Kabupaten Pidie Jaya\data_penduduk_kabupate_001.xlsx
"data\raw\Data Penduduk BPS\Aceh\Kabupaten Simeulue\Jumlah Penduduk, Laju Pertumbuhan Penduduk, Distribusi Persentase Penduduk, Kepadatan Penduduk, Rasio Jenis Kelamin Penduduk Menurut Kecamatan di Kabupaten Simeulue, 2024 (1).xlsx",data\raw\Data Penduduk BPS\Aceh\Kabupaten Simeulue\data_penduduk_kabupate_001.xlsx
"data\raw\Data Penduduk BPS\Aceh\Kota Banda Aceh\Penduduk, Laju Pertumbuhan Penduduk, Distribusi Persentase Penduduk Kepadatan Penduduk, Rasio Jenis Kelamin Penduduk Menurut Kecamatan di Kota Banda Aceh, 2024.xlsx",data\raw\Data Penduduk BPS\Aceh\Kota Banda Aceh\data_penduduk_kabupate_001.xlsx
"data\raw\Data Penduduk BPS\Aceh\Kota Langsa\Penduduk, Laju Pertumbuhan Penduduk, Distribusi Persentase Penduduk Kepadatan Penduduk, Rasio Jenis Kelamin Penduduk Menurut Kecamatan di Kota Langsa, 2024.xlsx",data\raw\Data Penduduk BPS\Aceh\Kota Langsa\data_penduduk_kabupate_001.xlsx
"data\raw\Data Penduduk BPS\Aceh\Kota Lhokseumawe\Penduduk, Laju Pertumbuhan Penduduk, Distribusi Persentase Penduduk, Kepadatan Penduduk, Rasio Jenis Kelamin Penduduk Menurut Kecamatan di Kota Lhokseumawe, 2023.xlsx",data\raw\Data Penduduk BPS\Aceh\Kota Lhokseumawe\data_penduduk_kabupate_001.xlsx
"data\raw\Data Penduduk BPS\Aceh\Kota Sabang\Jumlah Penduduk, Laju Pertumbuhan Penduduk, Distribusi Persentase Penduduk, Kepadatan Penduduk, Rasio Jenis Kelamin Penduduk Menurut Kecamatan di Kota Sabang, 2024.csv",data\raw\Data Penduduk BPS\Aceh\Kota Sabang\data_penduduk_kabupate_001.csv
"data\raw\Data Penduduk BPS\Aceh\Kota Subulussalam\Penduduk, Laju Pertumbuhan Penduduk, Distribusi Persentase Penduduk Kepadatan Penduduk, Rasio Jenis Kelamin Penduduk Menurut Kecamatan di Kota Subulussalam, 2023.xlsx",data\raw\Data Penduduk BPS\Aceh\Kota Subulussalam\data_penduduk_kabupate_001.xlsx
"data\raw\Data Penduduk BPS\Bali\Kabupaten Badung\Penduduk, Laju Pertumbuhan Penduduk, Distribusi Persentase Penduduk Kepadatan Penduduk, Rasio Jenis Kelamin Penduduk Menurut Kecamatan di Kabupaten Badung, 2023.xlsx",data\raw\Data Penduduk BPS\Bali\Kabupaten Badung\data_penduduk_kabupate_001.xlsx
"data\raw\Data Penduduk BPS\Bali\Kabupaten Bangli\Jumlah Penduduk, Laju Pertumbuhan Penduduk, Distribusi Persentase Penduduk, Kepadatan Penduduk, Rasio Jenis Kelamin Penduduk Menurut Kecamatan di Kabupaten Bangli, 2024.xlsx",data\raw\Data Penduduk BPS\Bali\Kabupaten Bangli\data_penduduk_kabupate_001.xlsx
"data\raw\Data Penduduk BPS\Bali\Kabupaten Buleleng\Jumlah Penduduk, Laju Pertumbuhan Penduduk, Distribusi Persentase Penduduk, Kepadatan Penduduk, Rasio Jenis Kelamin Penduduk Menurut Kecamatan di Kabupaten Buleleng, 2024.xlsx",data\raw\Data Penduduk BPS\Bali\Kabupaten Buleleng\data_penduduk_kabupate_001.xlsx
"data\raw\Data Penduduk BPS\Bali\Kabupaten Gianyar\Penduduk, Laju Pertumbuhan Penduduk, Distribusi Persentase Penduduk, Kepadatan Penduduk, Rasio Jenis Kelamin Penduduk Menurut Kecamatan di Kabupaten Gianyar, 2024.xlsx",data\raw\Data Penduduk BPS\Bali\Kabupaten Gianyar\data_penduduk_kabupate_001.xlsx
"data\raw\Data Penduduk BPS\Bali\Kabupaten Jembrana\Jumlah Penduduk, Laju Pertumbuhan Penduduk, Distribusi Persentase Penduduk, Kepadatan Penduduk, Rasio Jenis Kelamin Penduduk Menurut Kecamatan di Kabupaten Jembrana, 2024.xlsx",data\raw\Data Penduduk BPS\Bali\Kabupaten Jembrana\data_penduduk_kabupate_001.xlsx
"data\raw\Data Penduduk BPS\Bali\Kabupaten Karangasem\Penduduk, Laju Pertumbuhan Penduduk, Distribusi Persentase Penduduk, Kepadatan Penduduk, Rasio Jenis Kelamin Penduduk Menurut Kecamatan di Kabupaten Karang Asem, 2024.xlsx",data\raw\Data Penduduk BPS\Bali\Kabupaten Karangasem\data_penduduk_kabupate_001.xlsx
"data\raw\Data Penduduk BPS\Bali\Kabupaten Klungkung\Penduduk, Laju Pertumbuhan Penduduk, Distribusi Persentase Penduduk Kepadatan Penduduk, Rasio Jenis Kelamin Penduduk Menurut Kecamatan di Kabupaten Klungkung, 2023.xlsx",data\raw\Data Penduduk BPS\Bali\Kabupaten Klungkung\data_penduduk_kabupate_001.xlsx
"data\raw\Data Penduduk BPS\Bali\Kabupaten Tabanan\Penduduk, Laju Pertumbuhan Penduduk, Distribusi Persentase Penduduk Kepadatan Penduduk, Rasio Jenis Kelamin Penduduk Menurut Kecamatan di Kabupaten Tabanan, 2024.xlsx",data\raw\Data Penduduk BPS\Bali\Kabupaten Tabanan\data_penduduk_kabupate_001.xlsx
"data\raw\Data Penduduk BPS\Bali\Kota Denpasar\Penduduk, Laju Pertumbuhan Penduduk, Distribusi Persentase Penduduk, Kepadatan Penduduk, Rasio Jenis Kelamin Penduduk Menurut Kecamatan di Kota Denpasar, 2024.xlsx",data\raw\Data Penduduk BPS\Bali\Kota Denpasar\data_penduduk_kabupate_001.xlsx
"data\raw\Data Penduduk BPS\Bangka Belitung\Kabupaten Bangka\Penduduk, Laju Pertumbuhan Penduduk, Distribusi Persentase Penduduk Kepadatan Penduduk, Rasio Jenis Kelamin Penduduk Menurut Kecamatan di Kabupaten Bangka, 2024.xlsx",data\raw\Data Penduduk BPS\Bangka Belitung\Kabupaten Bangka\data_penduduk_kabupate_001.xlsx
"data\raw\Data Penduduk BPS\Bangka Belitung\Kabupaten Bangka Barat\Penduduk, Laju Pertumbuhan Penduduk, Distribusi Persentase Penduduk Kepadatan Penduduk, Rasio Jenis Kelamin Penduduk Menurut Kecamatan di Kabupaten Bangka Barat, 2024.xlsx",data\raw\Data Penduduk BPS\Bangka Belitung\Kabupaten Bangka Barat\data_penduduk_kabupate_001.xlsx
"data\raw\Data Penduduk BPS\Bangka Belitung\Kabupaten Bangka Tengah\Penduduk, Laju Pertumbuhan Penduduk, Distribusi Persentase Penduduk Kepadatan Penduduk, Rasio Jenis Kelamin Penduduk Menurut Kecamatan di Kabupaten Bangka Tengah, 2021.xlsx",data\raw\Data Penduduk BPS\Bangka Belitung\Kabupaten Bangka Tengah\data_penduduk_kabupate_001.xlsx
"data\raw\Data Penduduk BPS\Bangka Belitung\Kabupaten Banka Selatan\Penduduk, Laju Pertumbuhan Penduduk, Distribusi Persentase Penduduk, Kepadatan Penduduk, Rasio Jenis Kelamin Penduduk Menurut Kecamatan di Kabupaten Bangka Selatan, 2024.xlsx",data\raw\Data Penduduk BPS\Bangka Belitung\Kabupaten Banka Selatan\data_penduduk_kabupate_001.xlsx
"data\raw\Data Penduduk BPS\Bangka Belitung\Kabupaten Belitung\Jumlah Penduduk, Laju Pertumbuhan Penduduk, Distribusi Persentase Penduduk, Kepadatan Penduduk, Rasio Jenis Kelamin Penduduk Menurut Kecamatan di Kabupaten Belitung, 2024.xlsx",data\raw\Data Penduduk BPS\Bangka Belitung\Kabupaten Belitung\data_penduduk_kabupate_001.xlsx
"data\raw\Data Penduduk BPS\Bangka Belitung\Kabupaten Belitung Timur\Penduduk, Laju Pertumbuhan Penduduk, Distribusi Persentase Penduduk, Kepadatan Penduduk, Rasio Jenis Kelamin Penduduk Menurut Kecamatan di Kabupaten Belitung Timur, 2024.xlsx",data\raw\Data Penduduk BPS\Bangka Belitung\Kabupaten Belitung Timur\data_penduduk_kabupate_001.xlsx
"data\raw\Data Penduduk BPS\Bangka Belitung\Kota Pangkalpinang\Jumlah Penduduk, Laju Pertumbuhan Penduduk, Distribusi Persentase Penduduk, Kepadatan Penduduk, Rasio Jenis Kelamin Penduduk Menurut Kecamatan di Kota Pangkal Pinang, 2024.xlsx",data\raw\Data Penduduk BPS\Bangka Belitung\Kota Pangkalpinang\data_penduduk_kabupate_001.xlsx
"data\raw\Data Penduduk BPS\Banten\Kabupaten Lebak\Penduduk, Laju Pertumbuhan Penduduk, Distribusi Persentase Penduduk, Kepadatan Penduduk, Rasio Jenis Kelamin Penduduk Menurut Kecamatan di Kabupaten Lebak, 2023.xlsx",data\raw\Data Penduduk BPS\Banten\Kabupaten Lebak\data_penduduk_kabupate_001.xlsx
"data\raw\Data Penduduk BPS\Banten\Kabupaten Pandeglang\Jumlah Penduduk, Laju Pertumbuhan Penduduk, Distribusi Persentase Penduduk, Kepadatan Penduduk, Rasio Jenis Kelamin Penduduk Menurut Kecamatan di Kabupaten Pandeglang, 2024.xlsx",data\raw\Data Penduduk BPS\Banten\Kabupaten Pandeglang\data_penduduk_kabupate_001.xlsx
"data\raw\Data Penduduk BPS\Banten\Kabupaten Serang\Penduduk, Laju Pertumbuhan Penduduk, Distribusi Persentase Penduduk, Kepadatan Penduduk, Rasio Jenis Kelamin Penduduk Menurut Kecamatan di Kabupaten Serang, 2024.xlsx",data\raw\Data Penduduk BPS\Banten\Kabupaten Serang\data_penduduk_kabupate_001.xlsx
"data\raw\Data Penduduk BPS\Banten\Kabupaten Tangerang\Penduduk, Laju Pertumbuhan Penduduk, Distribusi Persentase Penduduk Kepadatan Penduduk, Rasio Jenis Kelamin Penduduk Menurut Kecamatan di Kabupaten Tangerang, 2024.xlsx",data\raw\Data Penduduk BPS\Banten\Kabupaten Tangerang\data_penduduk_kabupate_001.xlsx
"data\raw\Data Penduduk BPS\Banten\Kota Cilegon\Jumlah Penduduk, Laju Pertumbuhan Penduduk, Distribusi Persentase Penduduk, Kepadatan Penduduk, Rasio Jenis Kelamin Penduduk Menurut Kecamatan di Kota Cilegon, 2024.xlsx",data\raw\Data Penduduk BPS\Banten\Kota Cilegon\data_penduduk_kabupate_001.xlsx
"data\raw\Data Penduduk BPS\Banten\Kota Serang\Jumlah Penduduk, Laju Pertumbuhan Penduduk, Distribusi Persentase Penduduk, Kepadatan Penduduk, Rasio Jenis Kelamin Penduduk Menurut Kecamatan di Kota Serang, 2024.xlsx",data\raw\Data Penduduk BPS\Banten\Kota Serang\data_penduduk_kabupate_001.xlsx
"data\raw\Data Penduduk BPS\Banten\Kota Tangerang\Penduduk, Laju Pertumbuhan Penduduk, Distribusi Persentase Penduduk, Kepadatan Penduduk, Rasio Jenis Kelamin Penduduk Menurut Kecamatan di Kota Tangerang, 2024.xlsx",data\raw\Data Penduduk BPS\Banten\Kota Tangerang\data_penduduk_kabupate_001.xlsx
"data\raw\Data Penduduk BPS\Banten\Kota Tangerang Selatan\Penduduk, Laju Pertumbuhan Penduduk, Distribusi Persentase Penduduk Kepadatan Penduduk, Rasio Jenis Kelamin Penduduk Menurut Kecamatan di Kota Tangerang Selatan, 2024.xlsx",data\raw\Data Penduduk BPS\Banten\Kota Tangerang Selatan\data_penduduk_kabupate_001.xlsx
"data\raw\Data Penduduk BPS\Bengkulu\Kabupaten Bengkulu Selatan\Penduduk, Laju Pertumbuhan Penduduk, Distribusi Persentase Penduduk, Kepadatan Penduduk, Rasio Jenis Kelamin Penduduk Menurut Kecamatan di Kabupaten Bengkulu Selatan, 2024.xlsx",data\raw\Data Penduduk BPS\Bengkulu\Kabupaten Bengkulu Selatan\data_penduduk_kabupate_001.xlsx
"data\raw\Data Penduduk BPS\Bengkulu\Kabupaten Bengkulu Tengah\Penduduk, Laju Pertumbuhan Penduduk, Distribusi Persentase Penduduk Kepadatan Penduduk, Rasio Jenis Kelamin Penduduk Menurut Kecamatan di Kabupaten Bengkulu Tengah, 2023.xlsx",data\raw\Data Penduduk BPS\Bengkulu\Kabupaten Bengkulu Tengah\data_penduduk_kabupate_001.xlsx
"data\raw\Data Penduduk BPS\Bengkulu\Kabupaten Bengkulu Utara\Penduduk, Laju Pertumbuhan Penduduk, Distribusi Persentase Penduduk Kepadatan Penduduk, Rasio Jenis Kelamin Penduduk Menurut Kecamatan di Kabupaten Bengkulu Utara, 2024.xlsx",data\raw\Data Penduduk BPS\Bengkulu\Kabupaten Bengkulu Utara\data_penduduk_kabupate_001.xlsx
"data\raw\Data Penduduk BPS\Bengkulu\Kabupaten Kaur\Penduduk, Laju Pertumbuhan Penduduk, Distribusi Persentase Penduduk Kepadatan Penduduk, Rasio Jenis Kelamin Penduduk Menurut Kecamatan di Kabupaten Kaur, 2024.xlsx",data\raw\Data Penduduk BPS\Bengkulu\Kabupaten Kaur\data_penduduk_kabupate_001.xlsx
"data\raw\Data Penduduk BPS\Bengkulu\Kabupaten Kepahiang\Penduduk, Laju Pertumbuhan Penduduk, Distribusi Persentase Penduduk Kepadatan Penduduk, Rasio Jenis Kelamin Penduduk Menurut Kecamatan di Kabupaten Kepahiang, 2021.xlsx",data\raw\Data Penduduk BPS\Bengkulu\Kabupaten Kepahiang\data_penduduk_kabupate_001.xlsx
"data\raw\Data Penduduk BPS\Bengkulu\Kabupaten Lebong\Jumlah Penduduk Menurut Jenis Kelamin dan Kecamatan di Kabupaten Lebong, 2024.xlsx",data\raw\Data Penduduk BPS\Bengkulu\Kabupaten Lebong\data_penduduk_kabupate_001.xlsx
"data\raw\Data Penduduk BPS\Bengkulu\Kabupaten Lebong\Kepadatan Penduduk Menurut Kecamatan di Kabupaten Lebong, 2024.xlsx",data\raw\Data Penduduk BPS\Bengkulu\Kabupaten Lebong\data_penduduk_kabupate_002.xlsx
"data\raw\Data Penduduk BPS\Bengkulu\Kabupaten Lebong\Persentase Penduduk Menurut Karakteristik dan Kelompok Umur di Kabupaten Lebong, 2024.xlsx",data\raw\Data Penduduk BPS\Bengkulu\Kabupaten Lebong\data_penduduk_kabupate_003.xlsx
"data\raw\Data Penduduk BPS\Bengkulu\Kabupaten Lebong\[2020] Laju Pertumbuhan Penduduk Menurut Kecamatan di Kabupaten Lebong, 2024.xlsx",data\raw\Data Penduduk BPS\Bengkulu\Kabupaten Lebong\data_penduduk_kabupate_004.xlsx
"data\raw\Data Penduduk BPS\Bengkulu\Kabupaten Mukomuko\Penduduk, Laju Pertumbuhan Penduduk, Distribusi Persentase Penduduk Kepadatan Penduduk, Rasio Jenis Kelamin Penduduk Menurut Kecamatan di Kabupaten Mukomuko, 2023.xlsx",data\raw\Data Penduduk BPS\Bengkulu\Kabupaten Mukomuko\data_penduduk_kabupate_001.xlsx
"data\raw\Data Penduduk BPS\Bengkulu\Kabupaten Rejang Lebong\Penduduk, Laju Pertumbuhan Penduduk, Distribusi Persentase Penduduk Kepadatan Penduduk, Rasio Jenis Kelamin Penduduk Menurut Kecamatan di Kabupaten Rejang Lebong, 2019.xlsx",data\raw\Data Penduduk BPS\Bengkulu\Kabupaten Rejang Lebong\data_penduduk_kabupate_001.xlsx
"data\raw\Data Penduduk BPS\Bengkulu\Kabupaten Seluma\Penduduk, Laju Pertumbuhan Penduduk, Distribusi Persentase Penduduk, Kepadatan Penduduk, Rasio Jenis Kelamin Penduduk Menurut Kecamatan di Kabupaten Seluma, 2024.xlsx",data\raw\Data Penduduk BPS\Bengkulu\Kabupaten Seluma\data_penduduk_kabupate_001.xlsx
"data\raw\Data Penduduk BPS\Bengkulu\Kota Bengkulu\Jumlah Penduduk Kota Bengkulu, 2022.xlsx",data\raw\Data Penduduk BPS\Bengkulu\Kota Bengkulu\data_penduduk_kabupate_001.xlsx
"data\raw\Data Penduduk BPS\Bengkulu\Kota Bengkulu\Kepadatan Penduduk, 2022.xlsx",data\raw\Data Penduduk BPS\Bengkulu\Kota Bengkulu\data_penduduk_kabupate_002.xlsx
"data\raw\Data Penduduk BPS\Bengkulu\Kota Bengkulu\Rasio Jenis Kelamin, 2022.xlsx",data\raw\Data Penduduk BPS\Bengkulu\Kota Bengkulu\data_penduduk_kabupate_003.xlsx
"data\raw\Data Penduduk BPS\DI Yograkarta\Kabupaten Bantul\Penduduk, Laju Pertumbuhan Penduduk, Distribusi Persentase Penduduk Kepadatan Penduduk, Rasio Jenis Kelamin Penduduk Menurut Kecamatan di Kabupaten Bantul, 2024.xlsx",data\raw\Data Penduduk BPS\DI Yograkarta\Kabupaten Bantul\data_penduduk_kabupate_001.xlsx
"data\raw\Data Penduduk BPS\DI Yograkarta\Kabupaten Gunung Kidul\Penduduk, Laju Pertumbuhan Penduduk, Distribusi Persentase Penduduk, Kepadatan Penduduk, Rasio Jenis Kelamin Penduduk Menurut Kecamatan di Kabupaten Gunung Kidul, 2022.xlsx",data\raw\Data Penduduk BPS\DI Yograkarta\Kabupaten Gunung Kidul\data_penduduk_kabupate_001.xlsx
"data\raw\Data Penduduk BPS\DI Yograkarta\Kabupaten Kulon Progo\Jumlah Penduduk, Laju Pertumbuhan Penduduk, Distribusi Persentase Penduduk, Kepadatan Penduduk, Rasio Jenis Kelamin Penduduk Menurut Kecamatan di Kabupaten Kulon Progo, 2024.xlsx",data\raw\Data Penduduk BPS\DI Yograkarta\Kabupaten Kulon Progo\data_penduduk_kabupate_001.xlsx
"data\raw\Data Penduduk BPS\DI Yograkarta\Kabupaten Sleman\Penduduk, Laju Pertumbuhan Penduduk, Distribusi Persentase Penduduk Kepadatan Penduduk, Rasio Jenis Kelamin Penduduk Menurut Kecamatan di Kabupaten Sleman, 2019.xlsx",data\raw\Data Penduduk BPS\DI Yograkarta\Kabupaten Sleman\data_penduduk_kabupate_001.xlsx
"data\raw\Data Penduduk BPS\DI Yograkarta\Kota Yogyakarta\Penduduk, Laju Pertumbuhan Penduduk, Distribusi Persentase Penduduk, Kepadatan Penduduk, Rasio Jenis Kelamin Penduduk Menurut Kecamatan di Kota Yogyakarta, 2024.xlsx",data\raw\Data Penduduk BPS\DI Yograkarta\Kota Yogyakarta\data_penduduk_kabupate_001.xlsx
"data\raw\Data Penduduk BPS\DKI Jakarta\Kota Jakarta Barat\Penduduk, Laju Pertumbuhan Penduduk, Distribusi Persentase Penduduk Kepadatan Penduduk, Rasio Jenis Kelamin Penduduk Menurut Kecamatan di Kota Jakarta Barat, 2020.xlsx",data\raw\Data Penduduk BPS\DKI Jakarta\Kota Jakarta Barat\data_penduduk_kabupate_001.xlsx
"data\raw\Data Penduduk BPS\DKI Jakarta\Kota Jakarta Pusat\Penduduk, Laju Pertumbuhan Penduduk, Distribusi Persentase Penduduk Kepadatan Penduduk, Rasio Jenis Kelamin Penduduk Menurut Kecamatan di Kota Jakarta Pusat, 2020.xlsx",data\raw\Data Penduduk BPS\DKI Jakarta\Kota Jakarta Pusat\data_penduduk_kabupate_001.xlsx
"data\raw\Data Penduduk BPS\DKI Jakarta\Kota Jakarta Pusat\Penduduk, Laju Pertumbuhan Penduduk, Distribusi Persentase Penduduk Kepadatan Penduduk, Rasio Jenis Kelamin Penduduk Menurut Kecamatan di Kota Jakarta Selatan, 2018.xlsx",data\raw\Data Penduduk BPS\DKI Jakarta\Kota Jakarta Pusat\data_penduduk_kabupate_002.xlsx
"data\raw\Data Penduduk BPS\DKI Jakarta\Kota Jakarta Timur\Penduduk, Laju Pertumbuhan Penduduk, Distribusi Persentase Penduduk Kepadatan Penduduk, Rasio Jenis Kelamin Penduduk Menurut Kecamatan di Kota Jakarta Timur, 2020.xlsx",data\raw\Data Penduduk BPS\DKI Jakarta\Kota Jakarta Timur\data_penduduk_kabupate_001.xlsx
"data\raw\Data Penduduk BPS\DKI Jakarta\Kota Jakarta Utara\Penduduk, Laju Pertumbuhan Penduduk, Distribusi Persentase Penduduk Kepadatan Penduduk, Rasio Jenis Kelamin Penduduk Menurut Kecamatan di Kota Jakarta Utara, 2024.xlsx",data\raw\Data Penduduk BPS\DKI Jakarta\Kota Jakarta Utara\data_penduduk_kabupate_001.xlsx
"data\raw\Data Penduduk BPS\Gorontalo\Kabupatan Bone Bolango\Penduduk, Laju Pertumbuhan Penduduk, Distribusi Persentase Penduduk Kepadatan Penduduk, Rasio Jenis Kelamin Penduduk Menurut Kecamatan di Kabupaten Bone Bolango, 2023.xlsx",data\raw\Data Penduduk BPS\Gorontalo\Kabupatan Bone Bolango\data_penduduk_kabupate_001.xlsx
"data\raw\Data Penduduk BPS\Gorontalo\Kabupaten Boalemo\Penduduk, Laju Pertumbuhan Penduduk, Distribusi Persentase Penduduk Kepadatan Penduduk, Rasio Jenis Kelamin Penduduk Menurut Kecamatan di Kabupaten Boalemo, 2021.xlsx",data\raw\Data Penduduk BPS\Gorontalo\Kabupaten Boalemo\data_penduduk_kabupate_001.xlsx
"data\raw\Data Penduduk BPS\Gorontalo\Kabupaten Gorontalo\Jumlah Penduduk, Laju Pertumbuhan Penduduk, Distribusi Persentase Penduduk, Kepadatan Penduduk, Rasio Jenis Kelamin Penduduk Menurut Kecamatan di Kabupaten Gorontalo, 2024.xlsx",data\raw\Data Penduduk BPS\Gorontalo\Kabupaten Gorontalo\data_penduduk_kabupate_001.xlsx
"data\raw\Data Penduduk BPS\Gorontalo\Kabupaten Gorontalo utara\Penduduk, Laju Pertumbuhan Penduduk, Distribusi Persentase Penduduk Kepadatan Penduduk, Rasio Jenis Kelamin Penduduk Menurut Kecamatan di Kabupaten Gorontalo Utara, 2024.xlsx",data\raw\Data Penduduk BPS\Gorontalo\Kabupaten Gorontalo utara\data_penduduk_kabupate_001.xlsx
"data\raw\Data Penduduk BPS\Gorontalo\Kabupaten Pohuwato\Penduduk, Laju Pertumbuhan Penduduk, Distribusi Persentase Penduduk, Kepadatan Penduduk, Rasio Jenis Kelamin Penduduk Menurut Kecamatan di Kabupaten Pohuwato, 2024.xlsx",data\raw\Data Penduduk BPS\Gorontalo\Kabupaten Pohuwato\data_penduduk_kabupate_001.xlsx
"data\raw\Data Penduduk BPS\Jambi\Kabupaten Batanghari\Jumlah Penduduk, Laju Pertumbuhan Penduduk, Distribusi Persentase Penduduk, Kepadatan Penduduk, Rasio Jenis Kelamin Penduduk Menurut Kecamatan di Kabupaten Batang Hari, 2024.xlsx",data\raw\Data Penduduk BPS\Jambi\Kabupaten Batanghari\data_penduduk_kabupate_001.xlsx
"data\raw\Data Penduduk BPS\Jambi\Kabupaten Batanghari\Penduduk, Laju Pertumbuhan Penduduk, Distribusi Persentase Penduduk, Kepadatan Penduduk, Rasio Jenis Kelamin Penduduk Menurut Kecamatan di Kota Gorontalo, 2023.xlsx",data\raw\Data Penduduk BPS\Jambi\Kabupaten Batanghari\data_penduduk_kabupate_002.xlsx
"data\raw\Data Penduduk BPS\Jambi\Kabupaten Bungo\Jumlah Penduduk, Laju Pertumbuhan Penduduk, Distribusi Persentase Penduduk, Kepadatan Penduduk, Rasio Jenis Kelamin Penduduk Menurut Kecamatan di Kabupaten Bungo, 2024.xlsx",data\raw\Data Penduduk BPS\Jambi\Kabupaten Bungo\data_penduduk_kabupate_001.xlsx
"data\raw\Data Penduduk BPS\Jambi\Kabupaten Kerinci\Penduduk, Laju Pertumbuhan Penduduk, Distribusi Persentase Penduduk, Kepadatan Penduduk, Rasio Jenis Kelamin Penduduk Menurut Kecamatan di Kabupaten Kerinci, 2024.xlsx",data\raw\Data Penduduk BPS\Jambi\Kabupaten Kerinci\data_penduduk_kabupate_001.xlsx
"data\raw\Data Penduduk BPS\Jambi\Kabupaten Merangin\Penduduk, Laju Pertumbuhan Penduduk, Distribusi Persentase Penduduk Kepadatan Penduduk, Rasio Jenis Kelamin Penduduk Menurut Kecamatan di Kabupaten Merangin, 2024.xlsx",data\raw\Data Penduduk BPS\Jambi\Kabupaten Merangin\data_penduduk_kabupate_001.xlsx
"data\raw\Data Penduduk BPS\Jambi\Kabupaten Muaro Jambi\Penduduk, Laju Pertumbuhan Penduduk, Distribusi Persentase Penduduk Kepadatan Penduduk, Rasio Jenis Kelamin Penduduk Menurut Kecamatan di Kabupaten Muaro Jambi, 2024.xlsx",data\raw\Data Penduduk BPS\Jambi\Kabupaten Muaro Jambi\data_penduduk_kabupate_001.xlsx
"data\raw\Data Penduduk BPS\Jambi\Kabupaten Sarolangun\Penduduk, Laju Pertumbuhan Penduduk, Distribusi Persentase Penduduk Kepadatan Penduduk, Rasio Jenis Kelamin Penduduk Menurut Kecamatan di Kabupaten Sarolangun, 2021.xlsx",data\raw\Data Penduduk BPS\Jambi\Kabupaten Sarolangun\data_penduduk_kabupate_001.xlsx
"data\raw\Data Penduduk BPS\Jambi\Kabupaten Tanjang Jabung Timur\Penduduk, Laju Pertumbuhan Penduduk, Distribusi Persentase Penduduk, Kepadatan Penduduk, Rasio Jenis Kelamin Penduduk Menurut Kecamatan di Kabupaten Tanjung Jabung Timur, 2024.xlsx",data\raw\Data Penduduk BPS\Jambi\Kabupaten Tanjang Jabung Timur\data_penduduk_kabupate_001.xlsx
"data\raw\Data Penduduk BPS\Jambi\Kabupaten Tanjung Jabung Barat\Penduduk, Laju Pertumbuhan Penduduk, Distribusi Persentase Penduduk, Kepadatan Penduduk, Rasio Jenis Kelamin Penduduk Menurut Kecamatan di Kabupaten Tanjung Jabung Barat, 2023.xlsx",data\raw\Data Penduduk BPS\Jambi\Kabupaten Tanjung Jabung Barat\data_penduduk_kabupate_001.xlsx
"data\raw\Data Penduduk BPS\Jambi\Kabupaten Tebo\Penduduk, Laju Pertumbuhan Penduduk, Distribusi Persentase Penduduk Kepadatan Penduduk, Rasio Jenis Kelamin Penduduk Menurut Kecamatan di Kabupaten Tebo, 2024.xlsx",data\raw\Data Penduduk BPS\Jambi\Kabupaten Tebo\data_penduduk_kabupate_001.xlsx
"data\raw\Data Penduduk BPS\Jambi\Kota Jambi\Penduduk, Laju Pertumbuhan Penduduk, Distribusi Persentase Penduduk Kepadatan Penduduk, Rasio Jenis Kelamin Penduduk Menurut Kecamatan di Kota Jambi, 2023.xlsx",data\raw\Data Penduduk BPS\Jambi\Kota Jambi\data_penduduk_kabupate_001.xlsx
"data\raw\Data Penduduk BPS\Jambi\Kota Sungai Penuh\Penduduk, Laju Pertumbuhan Penduduk, Distribusi Persentase Penduduk Kepadatan Penduduk, Rasio Jenis Kelamin Penduduk Menurut Kecamatan di Kota Sungai Penuh, 2021.xlsx",data\raw\Data Penduduk BPS\Jambi\Kota Sungai Penuh\data_penduduk_kabupate_001.xlsx
"data\raw\Data Penduduk BPS\Jawa Barat\Kabupaten Bandung\Jumlah Penduduk, Laju Pertumbuhan Penduduk, Distribusi Persentase Penduduk, Kepadatan Penduduk, Rasio Jenis Kelamin Penduduk Menurut Kecamatan di Kabupaten Bandung, 2024.xlsx",data\raw\Data Penduduk BPS\Jawa Barat\Kabupaten Bandung\data_penduduk_kabupate_001.xlsx
data\raw\Data Penduduk BPS\Jawa Barat\Kabupaten Bandung Barat\jumlah-penduduk.xls,data\raw\Data Penduduk BPS\Jawa Barat\Kabupaten Bandung Barat\data_penduduk_kabupate_001.xls
"data\raw\Data Penduduk BPS\Jawa Barat\Kabupaten Bekasi\Penduduk, Laju Pertumbuhan Penduduk, Distribusi Persentase Penduduk Kepadatan Penduduk, Rasio Jenis Kelamin Penduduk Menurut Kecamatan di Kabupaten Bekasi, 2024.xlsx",data\raw\Data Penduduk BPS\Jawa Barat\Kabupaten Bekasi\data_penduduk_kabupate_001.xlsx
"data\raw\Data Penduduk BPS\Jawa Barat\Kabupaten Bogor\Penduduk, Laju Pertumbuhan Penduduk, Distribusi Persentase Penduduk, Kepadatan Penduduk, Rasio Jenis Kelamin Penduduk Menurut Kecamatan di Kabupaten Bogor, 2024.xlsx",data\raw\Data Penduduk BPS\Jawa Barat\Kabupaten Bogor\data_penduduk_kabupate_001.xlsx
"data\raw\Data Penduduk BPS\Jawa Barat\Kabupaten Ciamis\Penduduk, Laju Pertumbuhan Penduduk, Distribusi Persentase Penduduk, Kepadatan Penduduk, Rasio Jenis Kelamin Penduduk Menurut Kecamatan di Kabupaten Ciamis, 2023.xlsx",data\raw\Data Penduduk BPS\Jawa Barat\Kabupaten Ciamis\data_penduduk_kabupate_001.xlsx
"data\raw\Data Penduduk BPS\Jawa Barat\Kabupaten Cianjur\Penduduk, Laju Pertumbuhan Penduduk, Distribusi Persentase Penduduk, Kepadatan Penduduk, Rasio Jenis Kelamin Penduduk Menurut Kecamatan di Kabupaten Cianjur, 2024.xlsx",data\raw\Data Penduduk BPS\Jawa Barat\Kabupaten Cianjur\data_penduduk_kabupate_001.xlsx
"data\raw\Data Penduduk BPS\Jawa Barat\Kabupaten Cirebon\Penduduk, Laju Pertumbuhan Penduduk, Distribusi Persentase Penduduk, Kepadatan Penduduk, Rasio Jenis Kelamin Penduduk Menurut Kecamatan di Kabupaten Cirebon, 2024.xlsx",data\raw\Data Penduduk BPS\Jawa Barat\Kabupaten Cirebon\data_penduduk_kabupate_001.xlsx
"data\raw\Data Penduduk BPS\Jawa Barat\Kabupaten Garut\Penduduk, Laju Pertumbuhan Penduduk, Distribusi Persentase Penduduk Kepadatan Penduduk, Rasio Jenis Kelamin Penduduk Menurut Kecamatan di Kabupaten Garut, 2024.xlsx",data\raw\Data Penduduk BPS\Jawa Barat\Kabupaten Garut\data_penduduk_kabupate_001.xlsx
"data\raw\Data Penduduk BPS\Jawa Barat\Kabupaten Indramayu\Penduduk, Laju Pertumbuhan Penduduk, Distribusi Persentase Penduduk Kepadatan Penduduk, Rasio Jenis Kelamin Penduduk Menurut Kecamatan di Kabupaten Indramayu, 2024.xlsx",data\raw\Data Penduduk BPS\Jawa Barat\Kabupaten Indramayu\data_penduduk_kabupate_001.xlsx
"data\raw\Data Penduduk BPS\Jawa Barat\Kabupaten Karawang\Penduduk, Laju Pertumbuhan Penduduk, Distribusi Persentase Penduduk, Kepadatan Penduduk, Rasio Jenis Kelamin Penduduk Menurut Kecamatan di Kabupaten Karawang, 2024.xlsx",data\raw\Data Penduduk BPS\Jawa Barat\Kabupaten Karawang\data_penduduk_kabupate_001.xlsx
"data\raw\Data Penduduk BPS\Jawa Barat\Kabupaten Kuningan\Penduduk, Laju Pertumbuhan Penduduk, Distribusi Persentase Penduduk Kepadatan Penduduk, Rasio Jenis Kelamin Penduduk Menurut Kecamatan di Kabupaten Kuningan, 2023.xlsx",data\raw\Data Penduduk BPS\Jawa Barat\Kabupaten Kuningan\data_penduduk_kabupate_001.xlsx
"data\raw\Data Penduduk BPS\Jawa Barat\Kabupaten Majalengka\Penduduk, Laju Pertumbuhan Penduduk, Distribusi Persentase Penduduk, Kepadatan Penduduk, Rasio Jenis Kelamin Penduduk Menurut Kecamatan di Kabupaten Majalengka, 2024.xlsx",data\raw\Data Penduduk BPS\Jawa Barat\Kabupaten Majalengka\data_penduduk_kabupate_001.xlsx
"data\raw\Data Penduduk BPS\Jawa Barat\Kabupaten Pangandaran\Penduduk, Laju Pertumbuhan Penduduk, Distribusi Persentase Penduduk, Kepadatan Penduduk, Rasio Jenis Kelamin Penduduk Menurut Kecamatan di Kabupaten Pangandaran, 2023.xlsx",data\raw\Data Penduduk BPS\Jawa Barat\Kabupaten Pangandaran\data_penduduk_kabupate_001.xlsx
"data\raw\Data Penduduk BPS\Jawa Barat\Kabupaten Purwakarta\Jumlah Penduduk, Laju Pertumbuhan Penduduk, Distribusi Persentase Penduduk, Kepadatan Penduduk, Rasio Jenis Kelamin Penduduk Menurut Kecamatan di Kabupaten Purwakarta, 2024.xlsx",data\raw\Data Penduduk BPS\Jawa Barat\Kabupaten Purwakarta\data_penduduk_kabupate_001.xlsx
"data\raw\Data Penduduk BPS\Jawa Barat\Kabupaten Subang\Penduduk, Laju Pertumbuhan Penduduk, Distribusi Persentase Penduduk, Kepadatan Penduduk, Rasio Jenis Kelamin Penduduk Menurut Kecamatan di Kabupaten Subang, 2023.xlsx",data\raw\Data Penduduk BPS\Jawa Barat\Kabupaten Subang\data_penduduk_kabupate_001.xlsx
"data\raw\Data Penduduk BPS\Jawa Barat\Kabupaten Sukabumi\Penduduk, Laju Pertumbuhan Penduduk, Distribusi Persentase Penduduk, Kepadatan Penduduk, Rasio Jenis Kelamin Penduduk Menurut Kecamatan di Kabupaten Sukabumi, 2024.xlsx",data\raw\Data Penduduk BPS\Jawa Barat\Kabupaten Sukabumi\data_penduduk_kabupate_001.xlsx
data\raw\Data Penduduk BPS\Jawa Barat\Kabupaten Sumedang\jumlah-penduduk-dan-laju-pertumbuhan-penduduk.xls,data\raw\Data Penduduk BPS\Jawa Barat\Kabupaten Sumedang\data_penduduk_kabupate_001.xls
"data\raw\Data Penduduk BPS\Jawa Barat\Kabupaten Tasikmalaya\Penduduk, Laju Pertumbuhan Penduduk, Distribusi Persentase Penduduk, Kepadatan Penduduk, Rasio Jenis Kelamin Penduduk Menurut Kecamatan di Kabupaten Tasikmalaya, 2023.xlsx",data\raw\Data Penduduk BPS\Jawa Barat\Kabupaten Tasikmalaya\data_penduduk_kabupate_001.xlsx
"data\raw\Data Penduduk BPS\Jawa Barat\Kota Bandung\Penduduk, Laju Pertumbuhan Penduduk, Distribusi Persentase Penduduk Kepadatan Penduduk, Rasio Jenis Kelamin Penduduk Menurut Kecamatan di Kota Bandung, 2024.xlsx",data\raw\Data Penduduk BPS\Jawa Barat\Kota Bandung\data_penduduk_kabupate_001.xlsx
"data\raw\Data Penduduk BPS\Jawa Barat\Kota Bekasi\Jumlah Penduduk, Laju Pertumbuhan Penduduk, Distribusi Persentase Penduduk, Kepadatan Penduduk, Rasio Jenis Kelamin Penduduk Menurut Kecamatan di Kota Bekasi, 2024.xlsx",data\raw\Data Penduduk BPS\Jawa Barat\Kota Bekasi\data_penduduk_kabupate_001.xlsx
"data\raw\Data Penduduk BPS\Jawa Barat\Kota Bekasi\Penduduk, Laju Pertumbuhan Penduduk, Distribusi Persentase Penduduk, Kepadatan Penduduk, Rasio Jenis Kelamin Penduduk Menurut Kecamatan di Kota Banjar, 2024.xlsx",data\raw\Data Penduduk BPS\Jawa Barat\Kota Bekasi\data_penduduk_kabupate_002.xlsx
"data\raw\Data Penduduk BPS\Jawa Barat\Kota Bogor\Jumlah Penduduk, Laju Pertumbuhan Penduduk, Distribusi Persentase Penduduk, Kepadatan Penduduk, Rasio Jenis Kelamin Penduduk berdasarkan Catatan Administrasi menurut Kecamatan di Kota Bogor, 2024.xlsx",data\raw\Data Penduduk BPS\Jawa Barat\Kota Bogor\data_penduduk_kabupate_001.xlsx
"data\raw\Data Penduduk BPS\Jawa Barat\Kota Cimahi\Penduduk, Laju Pertumbuhan Penduduk, Distribusi Persentase Penduduk Kepadatan Penduduk, Rasio Jenis Kelamin Penduduk Menurut Kecamatan di Kota Cimahi, 2024.xlsx",data\raw\Data Penduduk BPS\Jawa Barat\Kota Cimahi\data_penduduk_kabupate_001.xlsx
data\raw\Data Penduduk BPS\Jawa Barat\Kota Cirebon\penduduk.xls,data\raw\Data Penduduk BPS\Jawa Barat\Kota Cirebon\data_penduduk_kabupate_001.xls
"data\raw\Data Penduduk BPS\Jawa Barat\Kota Depok\Penduduk, Laju Pertumbuhan Penduduk, Distribusi Persentase Penduduk Kepadatan Penduduk, Rasio Jenis Kelamin Penduduk Menurut Kecamatan di Kota Depok, 2021.xlsx",data\raw\Data Penduduk BPS\Jawa Barat\Kota Depok\data_penduduk_kabupate_001.xlsx
"data\raw\Data Penduduk BPS\Jawa Barat\Kota Sukabumi\Penduduk, Laju Pertumbuhan Penduduk, Distribusi Persentase Penduduk Kepadatan Penduduk, Rasio Jenis Kelamin Penduduk Menurut Kecamatan di Kota Sukabumi, 2024.xlsx",data\raw\Data Penduduk BPS\Jawa Barat\Kota Sukabumi\data_penduduk_kabupate_001.xlsx
"data\raw\Data Penduduk BPS\Jawa Barat\Kota Tasikmalaya\Penduduk, Laju Pertumbuhan Penduduk, Distribusi Persentase Penduduk Kepadatan Penduduk, Rasio Jenis Kelamin Penduduk Menurut Kecamatan di Kota Tasikmalaya, 2024.xlsx",data\raw\Data Penduduk BPS\Jawa Barat\Kota Tasikmalaya\data_penduduk_kabupate_001.xlsx
"data\raw\Data Penduduk BPS\Jawa Tengah\Kabupaten Banjarnegara\Penduduk, Laju Pertumbuhan Penduduk, Distribusi Persentase Penduduk Kepadatan Penduduk, Rasio Jenis Kelamin Penduduk Menurut Kecamatan di Kabupaten Banjarnegara, 2024.xlsx",data\raw\Data Penduduk BPS\Jawa Tengah\Kabupaten Banjarnegara\data_penduduk_kabupate_001.xlsx
"data\raw\Data Penduduk BPS\Jawa Tengah\Kabupaten Banyumas\Penduduk, Laju Pertumbuhan Penduduk, Distribusi Persentase Penduduk, Kepadatan Penduduk, Rasio Jenis Kelamin Penduduk Menurut Kecamatan di Kabupaten Banyumas, 2024.xlsx",data\raw\Data Penduduk BPS\Jawa Tengah\Kabupaten Banyumas\data_penduduk_kabupate_001.xlsx
"data\raw\Data Penduduk BPS\Jawa Tengah\Kabupaten Batang\Jumlah Penduduk, Laju Pertumbuhan Penduduk, Distribusi Persentase Penduduk, Kepadatan Penduduk, Rasio Jenis Kelamin Penduduk Menurut Kecamatan di Kabupaten Batang Hari, 2024.xlsx",data\raw\Data Penduduk BPS\Jawa Tengah\Kabupaten Batang\data_penduduk_kabupate_001.xlsx
"data\raw\Data Penduduk BPS\Jawa Tengah\Kabupaten Boyolali\Penduduk, Laju Pertumbuhan Penduduk, Distribusi Persentase Penduduk Kepadatan Penduduk, Rasio Jenis Kelamin Penduduk Menurut Kecamatan di Kabupaten Boyolali, 2024.xlsx",data\raw\Data Penduduk BPS\Jawa Tengah\Kabupaten Boyolali\data_penduduk_kabupate_001.xlsx
data\raw\Data Penduduk BPS\Jawa Tengah\Kabupaten Brebes\penduduk.xls,data\raw\Data Penduduk BPS\Jawa Tengah\Kabupaten Brebes\data_penduduk_kabupate_001.xls
"data\raw\Data Penduduk BPS\Jawa Tengah\Kabupaten Cilacap\Penduduk, Laju Pertumbuhan Penduduk, Distribusi Persentase Penduduk Kepadatan Penduduk, Rasio Jenis Kelamin Penduduk Menurut Kecamatan di Kabupaten Cilacap, 2023.xlsx",data\raw\Data Penduduk BPS\Jawa Tengah\Kabupaten Cilacap\data_penduduk_kabupate_001.xlsx
"data\raw\Data Penduduk BPS\Jawa Tengah\Kabupaten Demak\Penduduk, Laju Pertumbuhan Penduduk, Distribusi Persentase Penduduk, Kepadatan Penduduk, Rasio Jenis Kelamin Penduduk Menurut Kecamatan di Kabupaten Demak, 2024.xlsx",data\raw\Data Penduduk BPS\Jawa Tengah\Kabupaten Demak\data_penduduk_kabupate_001.xlsx
"data\raw\Data Penduduk BPS\Jawa Tengah\Kabupaten Grobogan\Penduduk, Laju Pertumbuhan Penduduk, Distribusi Persentase Penduduk Kepadatan Penduduk, Rasio Jenis Kelamin Penduduk Menurut Kecamatan di Kabupaten Grobogan, 2020.xlsx",data\raw\Data Penduduk BPS\Jawa Tengah\Kabupaten Grobogan\data_penduduk_kabupate_001.xlsx
"data\raw\Data Penduduk BPS\Jawa Tengah\Kabupaten Jepara\Penduduk, Laju Pertumbuhan Penduduk, Distribusi Persentase Penduduk Kepadatan Penduduk, Rasio Jenis Kelamin Penduduk Menurut Kecamatan di Kabupaten Jepara, 2023.xlsx",data\raw\Data Penduduk BPS\Jawa Tengah\Kabupaten Jepara\data_penduduk_kabupate_001.xlsx
"data\raw\Data Penduduk BPS\Jawa Tengah\Kabupaten Karanganyar\Penduduk, Laju Pertumbuhan Penduduk per Tahun, Distribusi Persentase Penduduk, Kepadatan Penduduk, dan Rasio Jenis Kelamin Penduduk Menurut Kecamatan di Kabupaten Karanganyar, 2024.xlsx",data\raw\Data Penduduk BPS\Jawa Tengah\Kabupaten Karanganyar\data_penduduk_kabupate_001.xlsx
"data\raw\Data Penduduk BPS\Jawa Tengah\Kabupaten Kebumen\Penduduk, Laju Pertumbuhan Penduduk, Distribusi Persentase Penduduk Kepadatan Penduduk, Rasio Jenis Kelamin Penduduk Menurut Kecamatan di Kabupaten Kebumen, 2024.xlsx",data\raw\Data Penduduk BPS\Jawa Tengah\Kabupaten Kebumen\data_penduduk_kabupate_001.xlsx
"data\raw\Data Penduduk BPS\Jawa Tengah\Kabupaten Kendal\Penduduk, Laju Pertumbuhan Penduduk, Distribusi Persentase Penduduk, Kepadatan Penduduk, Rasio Jenis Kelamin Penduduk Menurut Kecamatan di Kabupaten Kendal, 2024.xlsx",data\raw\Data Penduduk BPS\Jawa Tengah\Kabupaten Kendal\data_penduduk_kabupate_001.xlsx
"data\raw\Data Penduduk BPS\Jawa Tengah\Kabupaten Klaten\Jumlah Penduduk, Laju Pertumbuhan Penduduk, Distribusi Persentase Penduduk, Kepadatan Penduduk, Rasio Jenis Kelamin Penduduk Menurut Kecamatan di Kabupaten Klaten, 2024.xlsx",data\raw\Data Penduduk BPS\Jawa Tengah\Kabupaten Klaten\data_penduduk_kabupate_001.xlsx
"data\raw\Data Penduduk BPS\Jawa Tengah\Kabupaten Kudus\Penduduk, Laju Pertumbuhan Penduduk, Distribusi Persentase Penduduk Kepadatan Penduduk, Rasio Jenis Kelamin Penduduk Menurut Kecamatan di Kabupaten Kudus, 2020.xlsx",data\raw\Data Penduduk BPS\Jawa Tengah\Kabupaten Kudus\data_penduduk_kabupate_001.xlsx
"data\raw\Data Penduduk BPS\Jawa Tengah\Kabupaten Magelang\Penduduk, Laju Pertumbuhan Penduduk, Distribusi Persentase Penduduk, Kepadatan Penduduk, Rasio Jenis Kelamin Penduduk Menurut Kecamatan di Kabupaten Magelang, 2024.xlsx",data\raw\Data Penduduk BPS\Jawa Tengah\Kabupaten Magelang\data_penduduk_kabupate_001.xlsx
"data\raw\Data Penduduk BPS\Jawa Tengah\Kabupaten Pati\Jumlah Penduduk, Laju Pertumbuhan Penduduk, Distribusi Persentase Penduduk, Kepadatan Penduduk, Rasio Jenis Kelamin Penduduk Menurut Kecamatan di Kabupaten Pati, 2024.xlsx",data\raw\Data Penduduk BPS\Jawa Tengah\Kabupaten Pati\data_penduduk_kabupate_001.xlsx
"data\raw\Data Penduduk BPS\Jawa Tengah\Kabupaten Pekalongan\Penduduk, Laju Pertumbuhan Penduduk, Distribusi Persentase Penduduk Kepadatan Penduduk, Rasio Jenis Kelamin Penduduk Menurut Kecamatan di Kabupaten Pekalongan, 2019.xlsx",data\raw\Data Penduduk BPS\Jawa Tengah\Kabupaten Pekalongan\data_penduduk_kabupate_001.xlsx
"data\raw\Data Penduduk BPS\Jawa Tengah\Kabupaten Pemalang\Penduduk, Laju Pertumbuhan Penduduk, Distribusi Persentase Penduduk Kepadatan Penduduk, Rasio Jenis Kelamin Penduduk Menurut Kecamatan di Kabupaten Pemalang, 2019.xlsx",data\raw\Data Penduduk BPS\Jawa Tengah\Kabupaten Pemalang\data_penduduk_kabupate_001.xlsx
"data\raw\Data Penduduk BPS\Jawa Tengah\Kabupaten Purbalingga\Penduduk, Laju Pertumbuhan Penduduk, Distribusi Persentase Penduduk, Kepadatan Penduduk, Rasio Jenis Kelamin Penduduk Menurut Kecamatan di Kabupaten Purbalingga, 2024.xlsx",data\raw\Data Penduduk BPS\Jawa Tengah\Kabupaten Purbalingga\data_penduduk_kabupate_001.xlsx
"data\raw\Data Penduduk BPS\Jawa Tengah\Kabupaten Purworejo\Penduduk, Laju Pertumbuhan Penduduk, Distribusi Persentase Penduduk, Kepadatan Penduduk, Rasio Jenis Kelamin Penduduk Menurut Kecamatan di Kabupaten Purworejo, 2024.xlsx",data\raw\Data Penduduk BPS\Jawa Tengah\Kabupaten Purworejo\data_penduduk_kabupate_001.xlsx
"data\raw\Data Penduduk BPS\Jawa Tengah\Kabupaten Rembang\Penduduk, Laju Pertumbuhan Penduduk, Distribusi Persentase Penduduk Kepadatan Penduduk, Rasio Jenis Kelamin Penduduk Menurut Kecamatan di Kabupaten Rembang, 2020.xlsx",data\raw\Data Penduduk BPS\Jawa Tengah\Kabupaten Rembang\data_penduduk_kabupate_001.xlsx
"data\raw\Data Penduduk BPS\Jawa Tengah\Kabupaten Semarang\Jumlah Penduduk, Laju Pertumbuhan Penduduk per Tahun, Distribusi Persentase Penduduk, Kepadatan Penduduk, Rasio Jenis Kelamin Penduduk Menurut Kecamatan di Kabupaten Semarang, 2024.xlsx",data\raw\Data Penduduk BPS\Jawa Tengah\Kabupaten Semarang\data_penduduk_kabupate_001.xlsx
"data\raw\Data Penduduk BPS\Jawa Tengah\Kabupaten Sragen\Jumlah Penduduk Kabupaten Sragen, 2024.xlsx",data\raw\Data Penduduk BPS\Jawa Tengah\Kabupaten Sragen\data_penduduk_kabupate_001.xlsx
"data\raw\Data Penduduk BPS\Jawa Tengah\Kabupaten Sragen\Penduduk, Laju Pertumbuhan Penduduk, Distribusi Persentase Penduduk, Kepadatan Penduduk, Rasio Jenis Kelamin Penduduk Menurut Kecamatan di Kabupaten Sukoharjo, 2024.xlsx",data\raw\Data Penduduk BPS\Jawa Tengah\Kabupaten Sragen\data_penduduk_kabupate_002.xlsx
"data\raw\Data Penduduk BPS\Jawa Tengah\Kabupaten Sukoharjo\Persentase Penduduk Kecamatan Sidoharjo Menurut Desa_Kelurahan, 2023.xlsx",data\raw\Data Penduduk BPS\Jawa Tengah\Kabupaten Sukoharjo\data_penduduk_kabupate_001.xlsx
"data\raw\Data Penduduk BPS\Jawa Tengah\Kabupaten Tegal\Penduduk, Laju Pertumbuhan Penduduk, Distribusi Persentase Penduduk Kepadatan Penduduk, Rasio Jenis Kelamin Penduduk Menurut Kecamatan di Kabupaten Tegal, 2024.xlsx",data\raw\Data Penduduk BPS\Jawa Tengah\Kabupaten Tegal\data_penduduk_kabupate_001.xlsx
"data\raw\Data Penduduk BPS\Jawa Tengah\Kabupaten Temanggung\Penduduk, Laju Pertumbuhan Penduduk, Distribusi Persentase Penduduk Kepadatan Penduduk, Rasio Jenis Kelamin Penduduk Menurut Kecamatan di Kabupaten Temanggung, 2024.xlsx",data\raw\Data Penduduk BPS\Jawa Tengah\Kabupaten Temanggung\data_penduduk_kabupate_001.xlsx
"data\raw\Data Penduduk BPS\Jawa Tengah\Kabupaten Wonogiri\Penduduk, Laju Pertumbuhan Penduduk, Distribusi Persentase Penduduk Kepadatan Penduduk, Rasio Jenis Kelamin Penduduk Menurut Kecamatan di Kabupaten Wonogiri, 2023.xlsx",data\raw\Data Penduduk BPS\Jawa Tengah\Kabupaten Wonogiri\data_penduduk_kabupate_001.xlsx
"data\raw\Data Penduduk BPS\Jawa Tengah\Kabupaten Wonosobo\Penduduk, Laju Pertumbuhan Penduduk, Distribusi Persentase Penduduk Kepadatan Penduduk, Rasio Jenis Kelamin Penduduk Menurut Kecamatan di Kabupaten Wonosobo, 2018.xlsx",data\raw\Data Penduduk BPS\Jawa Tengah\Kabupaten Wonosobo\data_penduduk_kabupate_001.xlsx
"data\raw\Data Penduduk BPS\Jawa Tengah\Kota Magelang\Penduduk, Laju Pertumbuhan Penduduk per Tahun, Distribusi Persentase Penduduk, Kepadatan Penduduk, Rasio Jenis Kelamin Penduduk Menurut Kecamatan di Kota Magelang, 2024.xlsx",data\raw\Data Penduduk BPS\Jawa Tengah\Kota Magelang\data_penduduk_kabupate_001.xlsx
"data\raw\Data Penduduk BPS\Jawa Tengah\Kota Pekalongan\Penduduk, Laju Pertumbuhan Penduduk, Distribusi Persentase Penduduk Kepadatan Penduduk, Rasio Jenis Kelamin Penduduk Menurut Kecamatan di Kota Pekalongan, 2024.xlsx",data\raw\Data Penduduk BPS\Jawa Tengah\Kota Pekalongan\data_penduduk_kabupate_001.xlsx
data\raw\Data Penduduk BPS\Jawa Tengah\Kota Salatiga\penduduk.xls,data\raw\Data Penduduk BPS\Jawa Tengah\Kota Salatiga\data_penduduk_kabupate_001.xls
"data\raw\Data Penduduk BPS\Jawa Tengah\Kota Semarang\Penduduk, Laju Pertumbuhan Penduduk, Distribusi Persentase Penduduk Kepadatan Penduduk, Rasio Jenis Kelamin Penduduk Menurut Kecamatan di Kota Semarang, 2023.xlsx",data\raw\Data Penduduk BPS\Jawa Tengah\Kota Semarang\data_penduduk_kabupate_001.xlsx
"data\raw\Data Penduduk BPS\Jawa Tengah\Kota Surakarta\Penduduk, Laju Pertumbuhan Penduduk, Distribusi Persentase Penduduk Kepadatan Penduduk, Rasio Jenis Kelamin Penduduk Menurut Kecamatan di Kota Surakarta, 2024.xlsx",data\raw\Data Penduduk BPS\Jawa Tengah\Kota Surakarta\data_penduduk_kabupate_001.xlsx
"data\raw\Data Penduduk BPS\Jawa Tengah\Kota Tegal\Penduduk, Laju Pertumbuhan Penduduk, Distribusi Persentase Penduduk, Kepadatan Penduduk, Rasio Jenis Kelamin Penduduk Menurut Kecamatan di Kota Tegal, 2023.xlsx",data\raw\Data Penduduk BPS\Jawa Tengah\Kota Tegal\data_penduduk_kabupate_001.xlsx
"data\raw\Data Penduduk BPS\Jawa Timur\Kabupaten Bangkalan\Penduduk, Laju Pertumbuhan Penduduk, Distribusi Persentase Penduduk, Kepadatan Penduduk, Rasio Jenis Kelamin Penduduk Menurut Kecamatan di Kabupaten Bangkalan, 2023.xlsx",data\raw\Data Penduduk BPS\Jawa Timur\Kabupaten Bangkalan\data_penduduk_kabupate_001.xlsx
"data\raw\Data Penduduk BPS\Jawa Timur\Kabupaten Banyuwangi\Penduduk, Laju Pertumbuhan Penduduk, Distribusi Persentase Penduduk Kepadatan Penduduk, Rasio Jenis Kelamin Penduduk Menurut Kecamatan di Kabupaten Banyuwangi, 2023.xlsx",data\raw\Data Penduduk BPS\Jawa Timur\Kabupaten Banyuwangi\data_penduduk_kabupate_001.xlsx
"data\raw\Data Penduduk BPS\Jawa Timur\Kabupaten Blitar\Penduduk, Laju Pertumbuhan Penduduk per Tahun,  Distribusi Persentase Penduduk, Kepadatan Penduduk,  Rasio Jenis Kelamin Penduduk Menurut Kecamatan, 2024.xlsx",data\raw\Data Penduduk BPS\Jawa Timur\Kabupaten Blitar\data_penduduk_kabupate_001.xlsx
"data\raw\Data Penduduk BPS\Jawa Timur\Kabupaten Bojonegoro\Penduduk, Laju Pertumbuhan Penduduk, Distribusi Persentase Penduduk Kepadatan Penduduk, Rasio Jenis Kelamin Penduduk Menurut Kecamatan di Kabupaten Bojonegoro, 2019.xlsx",data\raw\Data Penduduk BPS\Jawa Timur\Kabupaten Bojonegoro\data_penduduk_kabupate_001.xlsx
"data\raw\Data Penduduk BPS\Jawa Timur\Kabupaten Bondowoso\Penduduk, Laju Pertumbuhan Penduduk, Distribusi Persentase Penduduk Kepadatan Penduduk, Rasio Jenis Kelamin Penduduk Menurut Kecamatan di Kabupaten Bondowoso, 2024.xlsx",data\raw\Data Penduduk BPS\Jawa Timur\Kabupaten Bondowoso\data_penduduk_kabupate_001.xlsx
"data\raw\Data Penduduk BPS\Jawa Timur\Kabupaten Gresik\Jumlah Penduduk, Laju Pertumbuhan Penduduk, Distribusi Persentase Penduduk, Kepadatan Penduduk, Rasio Jenis Kelamin Penduduk Menurut Kecamatan di Kabupaten Gresik, 2024.xlsx",data\raw\Data Penduduk BPS\Jawa Timur\Kabupaten Gresik\data_penduduk_kabupate_001.xlsx
"data\raw\Data Penduduk BPS\Jawa Timur\Kabupaten Jember\Jumlah Penduduk, Laju Pertumbuhan Penduduk, Distribusi Persentase Penduduk, Kepadatan Penduduk, Rasio Jenis Kelamin Penduduk Menurut Kecamatan di Kabupaten Jember, 2025.xlsx",data\raw\Data Penduduk BPS\Jawa Timur\Kabupaten Jember\data_penduduk_kabupate_001.xlsx
"data\raw\Data Penduduk BPS\Jawa Timur\Kabupaten Jombang\Penduduk, Laju Pertumbuhan Penduduk, Distribusi Persentase Penduduk Kepadatan Penduduk, Rasio Jenis Kelamin Penduduk Menurut Kecamatan di Kabupaten Jombang, 2023.xlsx",data\raw\Data Penduduk BPS\Jawa Timur\Kabupaten Jombang\data_penduduk_kabupate_001.xlsx
"data\raw\Data Penduduk BPS\Jawa Timur\Kabupaten Kediri\Penduduk, Laju Pertumbuhan Penduduk, Distribusi Persentase Penduduk, Kepadatan Penduduk, Rasio Jenis Kelamin Penduduk Menurut Kecamatan di Kabupaten Kediri, 2024.xlsx",data\raw\Data Penduduk BPS\Jawa Timur\Kabupaten Kediri\data_penduduk_kabupate_001.xlsx
"data\raw\Data Penduduk BPS\Jawa Timur\Kabupaten Lamongan\Penduduk, Laju Pertumbuhan Penduduk, Distribusi Persentase Penduduk, Kepadatan Penduduk, Rasio Jenis Kelamin Penduduk Menurut Kecamatan di Kabupaten Lamongan, 2023.xlsx",data\raw\Data Penduduk BPS\Jawa Timur\Kabupaten Lamongan\data_penduduk_kabupate_001.xlsx
"data\raw\Data Penduduk BPS\Jawa Timur\Kabupaten Lumajang\Penduduk, Laju Pertumbuhan Penduduk, Distribusi Persentase Penduduk, Kepadatan Penduduk, Rasio Jenis Kelamin Penduduk Menurut Kecamatan di Kabupaten Lumajang, 2024.xlsx",data\raw\Data Penduduk BPS\Jawa Timur\Kabupaten Lumajang\data_penduduk_kabupate_001.xlsx
"data\raw\Data Penduduk BPS\Jawa Timur\Kabupaten Madiun\Penduduk, Laju Pertumbuhan Penduduk, Distribusi Persentase Penduduk, Kepadatan Penduduk, Rasio Jenis Kelamin Penduduk Menurut Kecamatan di Kabupaten Madiun, 2023.xlsx",data\raw\Data Penduduk BPS\Jawa Timur\Kabupaten Madiun\data_penduduk_kabupate_001.xlsx
"data\raw\Data Penduduk BPS\Jawa Timur\Kabupaten Magetan\Penduduk, Laju Pertumbuhan Penduduk, Distribusi Persentase Penduduk, Kepadatan Penduduk, Rasio Jenis Kelamin Penduduk Menurut Kecamatan di Kabupaten Magetan, 2023.xlsx",data\raw\Data Penduduk BPS\Jawa Timur\Kabupaten Magetan\data_penduduk_kabupate_001.xlsx
"data\raw\Data Penduduk BPS\Jawa Timur\Kabupaten Malang\Penduduk, Laju Pertumbuhan Penduduk, Distribusi Persentase Penduduk, Kepadatan Penduduk, Rasio Jenis Kelamin Penduduk Menurut Kecamatan di Kabupaten Malang, 2025.xlsx",data\raw\Data Penduduk BPS\Jawa Timur\Kabupaten Malang\data_penduduk_kabupate_001.xlsx
"data\raw\Data Penduduk BPS\Jawa Timur\Kabupaten Mojokerto\Penduduk, Laju Pertumbuhan Penduduk, Distribusi Persentase Penduduk Kepadatan Penduduk, Rasio Jenis Kelamin Penduduk Menurut Kecamatan di Kabupaten Mojokerto, 2024.xlsx",data\raw\Data Penduduk BPS\Jawa Timur\Kabupaten Mojokerto\data_penduduk_kabupate_001.xlsx
"data\raw\Data Penduduk BPS\Jawa Timur\Kabupaten Nganjuk\Penduduk, Laju Pertumbuhan Penduduk, Distribusi Persentase Penduduk, Kepadatan Penduduk, Rasio Jenis Kelamin Penduduk Menurut Kecamatan di Kabupaten Nganjuk, 2025.xlsx",data\raw\Data Penduduk BPS\Jawa Timur\Kabupaten Nganjuk\data_penduduk_kabupate_001.xlsx
"data\raw\Data Penduduk BPS\Jawa Timur\Kabupaten Ngawi\Penduduk, Laju Pertumbuhan Penduduk, Distribusi Persentase Penduduk Kepadatan Penduduk, Rasio Jenis Kelamin Penduduk Menurut Kecamatan di Kabupaten Ngawi, 2024.xlsx",data\raw\Data Penduduk BPS\Jawa Timur\Kabupaten Ngawi\data_penduduk_kabupate_001.xlsx
"data\raw\Data Penduduk BPS\Jawa Timur\Kabupaten Pacitan\Penduduk, Laju Pertumbuhan Penduduk, Distribusi Persentase Penduduk, Kepadatan Penduduk, Rasio Jenis Kelamin Penduduk Menurut Kecamatan di Kabupaten Pacitan, 2024.xlsx",data\raw\Data Penduduk BPS\Jawa Timur\Kabupaten Pacitan\data_penduduk_kabupate_001.xlsx
"data\raw\Data Penduduk BPS\Jawa Timur\Kabupaten Pamekasan\Penduduk, Laju Pertumbuhan Penduduk, Distribusi Persentase Penduduk, Kepadatan Penduduk, Rasio Jenis Kelamin Penduduk Menurut Kecamatan di Kabupaten Pamekasan, 2024.xlsx",data\raw\Data Penduduk BPS\Jawa Timur\Kabupaten Pamekasan\data_penduduk_kabupate_001.xlsx
"data\raw\Data Penduduk BPS\Jawa Timur\Kabupaten Pasuruan\Jumlah Penduduk, Laju Pertumbuhan Penduduk, Distribusi Persentase Penduduk, Kepadatan Penduduk, Rasio Jenis Kelamin Penduduk Menurut Kecamatan di Kabupaten Pasuruan, 2024.xlsx",data\raw\Data Penduduk BPS\Jawa Timur\Kabupaten Pasuruan\data_penduduk_kabupate_001.xlsx
"data\raw\Data Penduduk BPS\Jawa Timur\Kabupaten Ponorogo\Jumlah Penduduk, Laju Pertumbuhan Penduduk, Distribusi Persentase Penduduk, Kepadatan Penduduk, Rasio Jenis Kelamin Penduduk Menurut Kecamatan di Kabupaten Ponorogo, 2024.xlsx",data\raw\Data Penduduk BPS\Jawa Timur\Kabupaten Ponorogo\data_penduduk_kabupate_001.xlsx
"data\raw\Data Penduduk BPS\Jawa Timur\Kabupaten Probolingo\Penduduk, Laju Pertumbuhan Penduduk, Distribusi Persentase Penduduk Kepadatan Penduduk, Rasio Jenis Kelamin Penduduk Menurut Kecamatan di Kabupaten Probolinggo, 2023.xlsx",data\raw\Data Penduduk BPS\Jawa Timur\Kabupaten Probolingo\data_penduduk_kabupate_001.xlsx
"data\raw\Data Penduduk BPS\Jawa Timur\Kabupaten Sampang\Penduduk, Laju Pertumbuhan Penduduk, Distribusi Persentase Penduduk, Kepadatan Penduduk, Rasio Jenis Kelamin Penduduk Menurut Kecamatan di Kabupaten Sidoarjo, 2023.xlsx",data\raw\Data Penduduk BPS\Jawa Timur\Kabupaten Sampang\data_penduduk_kabupate_001.xlsx
"data\raw\Data Penduduk BPS\Jawa Timur\Kabupaten Sidoarjo\Penduduk, Laju Pertumbuhan Penduduk, Distribusi Persentase Penduduk, Kepadatan Penduduk, Rasio Jenis Kelamin Penduduk Menurut Kecamatan di Kabupaten Sampang, 2023.xlsx",data\raw\Data Penduduk BPS\Jawa Timur\Kabupaten Sidoarjo\data_penduduk_kabupate_001.xlsx
"data\raw\Data Penduduk BPS\Jawa Timur\Kabupaten Situbondo\Penduduk, Laju Pertumbuhan Penduduk, Distribusi Persentase Penduduk, Kepadatan Penduduk, Rasio Jenis Kelamin Penduduk Menurut Kecamatan di Kabupaten Situbondo, 2024.xlsx",data\raw\Data Penduduk BPS\Jawa Timur\Kabupaten Situbondo\data_penduduk_kabupate_001.xlsx
"data\raw\Data Penduduk BPS\Jawa Timur\Kabupaten Sumenep\Penduduk, Laju Pertumbuhan Penduduk, Distribusi Persentase Penduduk, Kepadatan Penduduk, Rasio Jenis Kelamin Penduduk Menurut Kecamatan di Kabupaten Sumenep, 2024.xlsx",data\raw\Data Penduduk BPS\Jawa Timur\Kabupaten Sumenep\data_penduduk_kabupate_001.xlsx
"data\raw\Data Penduduk BPS\Jawa Timur\Kabupaten Trenggalek\Penduduk, Laju Pertumbuhan Penduduk, Distribusi Persentase Penduduk Kepadatan Penduduk, Rasio Jenis Kelamin Penduduk Menurut Kecamatan di Kabupaten Trenggalek, 2020.xlsx",data\raw\Data Penduduk BPS\Jawa Timur\Kabupaten Trenggalek\data_penduduk_kabupate_001.xlsx
"data\raw\Data Penduduk BPS\Jawa Timur\Kabupaten Tuban\Penduduk, Laju Pertumbuhan Penduduk, Distribusi Persentase Penduduk Kepadatan Penduduk, Rasio Jenis Kelamin Penduduk Menurut Kecamatan di Kabupaten Tuban, 2019.xlsx",data\raw\Data Penduduk BPS\Jawa Timur\Kabupaten Tuban\data_penduduk_kabupate_001.xlsx
"data\raw\Data Penduduk BPS\Jawa Timur\Kabupaten Tulungagung\Penduduk, Laju Pertumbuhan Penduduk, Distribusi Persentase Penduduk Kepadatan Penduduk, Rasio Jenis Kelamin Penduduk Menurut Kecamatan di Kabupaten Tulungagung, 2021.xlsx",data\raw\Data Penduduk BPS\Jawa Timur\Kabupaten Tulungagung\data_penduduk_kabupate_001.xlsx
"data\raw\Data Penduduk BPS\Jawa Timur\Kota Batu\Penduduk, Laju Pertumbuhan Penduduk, Distribusi Persentase Penduduk Kepadatan Penduduk, Rasio Jenis Kelamin Penduduk Menurut Kecamatan di Kota Batu, 2023.xlsx",data\raw\Data Penduduk BPS\Jawa Timur\Kota Batu\data_penduduk_kabupate_001.xlsx
"data\raw\Data Penduduk BPS\Jawa Timur\Kota Blitar\Penduduk, Laju Pertumbuhan Penduduk, Distribusi Persentase Penduduk, Kepadatan Penduduk, Rasio Jenis Kelamin Penduduk Menurut Kecamatan di Kota Blitar, 2024.xlsx",data\raw\Data Penduduk BPS\Jawa Timur\Kota Blitar\data_penduduk_kabupate_001.xlsx
"data\raw\Data Penduduk BPS\Jawa Timur\Kota Kediri\Jumlah Penduduk, Laju Pertumbuhan Penduduk, Distribusi Persentase Penduduk, Kepadatan Penduduk, Rasio Jenis Kelamin Penduduk Menurut Kecamatan di Kota Kediri, 2024.xlsx",data\raw\Data Penduduk BPS\Jawa Timur\Kota Kediri\data_penduduk_kabupate_001.xlsx
"data\raw\Data Penduduk BPS\Jawa Timur\Kota Madiun\Penduduk, Laju Pertumbuhan Penduduk, Distribusi Persentase Penduduk, Kepadatan Penduduk, Rasio Jenis Kelamin Penduduk Menurut Kecamatan di Kabupaten Madiun, 2023.xlsx",data\raw\Data Penduduk BPS\Jawa Timur\Kota Madiun\data_penduduk_kabupate_001.xlsx
"data\raw\Data Penduduk BPS\Jawa Timur\Kota Malang\Jumlah Penduduk, Laju Pertumbuhan Penduduk, Distribusi Persentase Penduduk, Kepadatan Penduduk, Rasio Jenis Kelamin Penduduk Menurut Kecamatan di Kota Malang, 2024.xlsx",data\raw\Data Penduduk BPS\Jawa Timur\Kota Malang\data_penduduk_kabupate_001.xlsx
"data\raw\Data Penduduk BPS\Jawa Timur\Kota Mojokerto\Jumlah Penduduk Menurut Jenis Kelamin dan Kabupaten_Kota Provinsi Jawa Timur, 2023.xlsx",data\raw\Data Penduduk BPS\Jawa Timur\Kota Mojokerto\data_penduduk_kabupate_001.xlsx
"data\raw\Data Penduduk BPS\Jawa Timur\Kota Pasuruan\Jumlah Penduduk, Laju Pertumbuhan Penduduk, Distribusi Persentase Penduduk, Kepadatan Penduduk, Rasio Jenis Kelamin Penduduk Menurut Kecamatan di Kota Pasuruan, 2024.xlsx",data\raw\Data Penduduk BPS\Jawa Timur\Kota Pasuruan\data_penduduk_kabupate_001.xlsx
"data\raw\Data Penduduk BPS\Jawa Timur\Kota Probolinggo\Penduduk, Laju Pertumbuhan Penduduk, Distribusi Persentase Penduduk, Kepadatan Penduduk, Rasio Jenis Kelamin Penduduk Menurut Kecamatan di Kota Probolinggo, 2023.xlsx",data\raw\Data Penduduk BPS\Jawa Timur\Kota Probolinggo\data_penduduk_kabupate_001.xlsx
"data\raw\Data Penduduk BPS\Jawa Timur\Kota Surabaya\Penduduk, Laju Pertumbuhan Penduduk, Distribusi Persentase Penduduk, Kepadatan Penduduk, Rasio Jenis Kelamin Penduduk Menurut Kecamatan di Kota Surabaya, 2024.xlsx",data\raw\Data Penduduk BPS\Jawa Timur\Kota Surabaya\data_penduduk_kabupate_001.xlsx
"data\raw\Data Penduduk BPS\Kalimanatan Tengah\Kabupaten Barito Selatan\Penduduk, Laju Pertumbuhan Penduduk, Distribusi Persentase Penduduk Kepadatan Penduduk, Rasio Jenis Kelamin Penduduk Menurut Kecamatan di Kabupaten Barito Selatan, 2024.xlsx",data\raw\Data Penduduk BPS\Kalimanatan Tengah\Kabupaten Barito Selatan\data_penduduk_kabupate_001.xlsx
"data\raw\Data Penduduk BPS\Kalimanatan Tengah\Kabupaten Barito Timur\Jumlah Penduduk, Laju Pertumbuhan Penduduk, Distribusi Persentase Penduduk, Kepadatan Penduduk, Rasio Jenis Kelamin Penduduk Menurut Kecamatan di Kabupaten Barito Timur, 2024.xlsx",data\raw\Data Penduduk BPS\Kalimanatan Tengah\Kabupaten Barito Timur\data_penduduk_kabupate_001.xlsx
"data\raw\Data Penduduk BPS\Kalimanatan Tengah\Kabupaten Barito Utara\Penduduk, Laju Pertumbuhan Penduduk, Distribusi Persentase Penduduk, Kepadatan Penduduk, Rasio Jenis Kelamin Penduduk Menurut Kecamatan di Kabupaten Barito Utara, 2024.xlsx",data\raw\Data Penduduk BPS\Kalimanatan Tengah\Kabupaten Barito Utara\data_penduduk_kabupate_001.xlsx
"data\raw\Data Penduduk BPS\Kalimanatan Tengah\Kabupaten Gunung Mas\Penduduk, Laju Pertumbuhan Penduduk, Distribusi Persentase Penduduk Kepadatan Penduduk, Rasio Jenis Kelamin Penduduk Menurut Kecamatan di Kabupaten Gunung Mas, 2020.xlsx",data\raw\Data Penduduk BPS\Kalimanatan Tengah\Kabupaten Gunung Mas\data_penduduk_kabupate_001.xlsx
"data\raw\Data Penduduk BPS\Kalimanatan Tengah\Kabupaten Kapuas\Penduduk, Laju Pertumbuhan Penduduk, Distribusi Persentase Penduduk Kepadatan Penduduk, Rasio Jenis Kelamin Penduduk Menurut Kecamatan di Kabupaten Kapuas, 2024.xlsx",data\raw\Data Penduduk BPS\Kalimanatan Tengah\Kabupaten Kapuas\data_penduduk_kabupate_001.xlsx
"data\raw\Data Penduduk BPS\Kalimanatan Tengah\Kabupaten Katingan\Penduduk, Laju Pertumbuhan Penduduk, Distribusi Persentase Penduduk Kepadatan Penduduk, Rasio Jenis Kelamin Penduduk Menurut Kecamatan di Kabupaten Katingan, 2024.xlsx",data\raw\Data Penduduk BPS\Kalimanatan Tengah\Kabupaten Katingan\data_penduduk_kabupate_001.xlsx
"data\raw\Data Penduduk BPS\Kalimanatan Tengah\Kabupaten Kotawaringin Barat\Penduduk, Laju Pertumbuhan Penduduk, Distribusi Persentase Penduduk Kepadatan Penduduk, Rasio Jenis Kelamin Penduduk Menurut Kecamatan di Kabupaten Kotawaringin Barat, 2019.xlsx",data\raw\Data Penduduk BPS\Kalimanatan Tengah\Kabupaten Kotawaringin Barat\data_penduduk_kabupate_001.xlsx
"data\raw\Data Penduduk BPS\Kalimanatan Tengah\Kabupaten Kotawaringin Timur\Penduduk, Laju Pertumbuhan Penduduk, Distribusi Persentase Penduduk Kepadatan Penduduk, Rasio Jenis Kelamin Penduduk Menurut Kecamatan di Kabupaten Kotawaringin Timur, 2024.xlsx",data\raw\Data Penduduk BPS\Kalimanatan Tengah\Kabupaten Kotawaringin Timur\data_penduduk_kabupate_001.xlsx
"data\raw\Data Penduduk BPS\Kalimanatan Tengah\Kabupaten Lamandau\Penduduk, Laju Pertumbuhan Penduduk, Distribusi Persentase Penduduk, Kepadatan Penduduk, Rasio Jenis Kelamin Penduduk Menurut Kecamatan di Kabupaten Lamandau, 2024.xlsx",data\raw\Data Penduduk BPS\Kalimanatan Tengah\Kabupaten Lamandau\data_penduduk_kabupate_001.xlsx
"data\raw\Data Penduduk BPS\Kalimanatan Tengah\Kabupaten Murung Raya\Jumlah Penduduk, Laju Pertumbuhan Penduduk, Distribusi Persentase Penduduk, Kepadatan Penduduk, Rasio Jenis Kelamin Penduduk Menurut Kecamatan di Kabupaten Murung Raya, 2025.xlsx",data\raw\Data Penduduk BPS\Kalimanatan Tengah\Kabupaten Murung Raya\data_penduduk_kabupate_001.xlsx
"data\raw\Data Penduduk BPS\Kalimanatan Tengah\Kabupaten Pulang Pisau\Penduduk, Laju Pertumbuhan Penduduk, Distribusi Persentase Penduduk Kepadatan Penduduk, Rasio Jenis Kelamin Penduduk Menurut Kecamatan di Kabupaten Pulang Pisau, 2024.xlsx",data\raw\Data Penduduk BPS\Kalimanatan Tengah\Kabupaten Pulang Pisau\data_penduduk_kabupate_001.xlsx
"data\raw\Data Penduduk BPS\Kalimanatan Tengah\Kabupaten Seruyan\Penduduk, Laju Pertumbuhan Penduduk, Distribusi Persentase Penduduk Kepadatan Penduduk, Rasio Jenis Kelamin Penduduk Menurut Kecamatan di Kabupaten Seruyan, 2021.xlsx",data\raw\Data Penduduk BPS\Kalimanatan Tengah\Kabupaten Seruyan\data_penduduk_kabupate_001.xlsx
"data\raw\Data Penduduk BPS\Kalimanatan Tengah\Kabupaten Sukamara\Penduduk, Laju Pertumbuhan Penduduk, Distribusi Persentase Penduduk Kepadatan Penduduk, Rasio Jenis Kelamin Penduduk Menurut Kecamatan di Kabupaten Sukamara, 2024.xlsx",data\raw\Data Penduduk BPS\Kalimanatan Tengah\Kabupaten Sukamara\data_penduduk_kabupate_001.xlsx
"data\raw\Data Penduduk BPS\Kalimanatan Tengah\Kota Palangka Raya\Penduduk, Laju Pertumbuhan Penduduk, Distribusi Persentase Penduduk, Kepadatan Penduduk, Rasio Jenis Kelamin Penduduk Menurut Kecamatan di Kota Palangka Raya, 2024.xlsx",data\raw\Data Penduduk BPS\Kalimanatan Tengah\Kota Palangka Raya\data_penduduk_kabupate_001.xlsx
"data\raw\Data Penduduk BPS\Kalimantan Barat\Kaabupaten Bengkayang\Jumlah Penduduk, Laju Pertumbuhan Penduduk, Distribusi Persentase Penduduk, Kepadatan Penduduk, Rasio Jenis Kelamin Penduduk Menurut Kecamatan di Kabupaten Bengkayang, 2025.xlsx",data\raw\Data Penduduk BPS\Kalimantan Barat\Kaabupaten Bengkayang\data_penduduk_kabupate_001.xlsx
"data\raw\Data Penduduk BPS\Kalimantan Barat\Kabupaten Kapuas Hulu\Penduduk, Laju Pertumbuhan Penduduk, Distribusi Persentase Penduduk, Kepadatan Penduduk, Rasio Jenis Kelamin Penduduk Menurut Kecamatan di Kabupaten Kapuas Hulu, 2024.xlsx",data\raw\Data Penduduk BPS\Kalimantan Barat\Kabupaten Kapuas Hulu\data_penduduk_kabupate_001.xlsx
"data\raw\Data Penduduk BPS\Kalimantan Barat\Kabupaten Ketapang\Penduduk, Laju Pertumbuhan Penduduk, Distribusi Persentase Penduduk Kepadatan Penduduk, Rasio Jenis Kelamin Penduduk Menurut Kecamatan di Kabupaten Kayong Utara, 2024.xlsx",data\raw\Data Penduduk BPS\Kalimantan Barat\Kabupaten Ketapang\data_penduduk_kabupate_001.xlsx
"data\raw\Data Penduduk BPS\Kalimantan Barat\Kabupaten Ketapang\Penduduk, Laju Pertumbuhan Penduduk, Distribusi Persentase Penduduk, Kepadatan Penduduk, Rasio Jenis Kelamin Penduduk Menurut Kecamatan di Kabupaten Ketapang, 2025.xlsx",data\raw\Data Penduduk BPS\Kalimantan Barat\Kabupaten Ketapang\data_penduduk_kabupate_002.xlsx
"data\raw\Data Penduduk BPS\Kalimantan Barat\Kabupaten Kubu Raya\Penduduk, Laju Pertumbuhan Penduduk, Distribusi Persentase Penduduk, Kepadatan Penduduk, Rasio Jenis Kelamin Penduduk Menurut Kecamatan di Kabupaten Kubu Raya, 2025.xlsx",data\raw\Data Penduduk BPS\Kalimantan Barat\Kabupaten Kubu Raya\data_penduduk_kabupate_001.xlsx
"data\raw\Data Penduduk BPS\Kalimantan Barat\Kabupaten Landak\Penduduk, Laju Pertumbuhan Penduduk, Distribusi Persentase Penduduk, Kepadatan Penduduk, Rasio Jenis Kelamin Penduduk Menurut Kecamatan di Kabupaten Landak, 2024.xlsx",data\raw\Data Penduduk BPS\Kalimantan Barat\Kabupaten Landak\data_penduduk_kabupate_001.xlsx
"data\raw\Data Penduduk BPS\Kalimantan Barat\Kabupaten Melawi\Penduduk, Laju Pertumbuhan Penduduk, Distribusi Persentase Penduduk Kepadatan Penduduk, Rasio Jenis Kelamin Penduduk Menurut Kecamatan di Kabupaten Melawi, 2024.xlsx",data\raw\Data Penduduk BPS\Kalimantan Barat\Kabupaten Melawi\data_penduduk_kabupate_001.xlsx
"data\raw\Data Penduduk BPS\Kalimantan Barat\Kabupaten Mempawah\Penduduk, Laju Pertumbuhan Penduduk, Distribusi Persentase Penduduk, Kepadatan Penduduk, Rasio Jenis Kelamin Menurut Kecamatan Jongkat, 2024.xlsx",data\raw\Data Penduduk BPS\Kalimantan Barat\Kabupaten Mempawah\data_penduduk_kabupate_001.xlsx
"data\raw\Data Penduduk BPS\Kalimantan Barat\Kabupaten Sambas\Penduduk, Laju Pertumbuhan Penduduk, Distribusi Persentase Penduduk Kepadatan Penduduk, Rasio Jenis Kelamin Penduduk Menurut Kecamatan di Kabupaten Sambas, 2025.xlsx",data\raw\Data Penduduk BPS\Kalimantan Barat\Kabupaten Sambas\data_penduduk_kabupate_001.xlsx
"data\raw\Data Penduduk BPS\Kalimantan Barat\Kabupaten Sanggau\Penduduk, Laju Pertumbuhan Penduduk, Distribusi Persentase Penduduk Kepadatan Penduduk, Rasio Jenis Kelamin Penduduk Menurut Kecamatan di Kabupaten Sanggau, 2025.xlsx",data\raw\Data Penduduk BPS\Kalimantan Barat\Kabupaten Sanggau\data_penduduk_kabupate_001.xlsx
"data\raw\Data Penduduk BPS\Kalimantan Barat\Kabupaten Sekadau\Penduduk, Laju Pertumbuhan Penduduk, Distribusi Persentase Penduduk Kepadatan Penduduk, Rasio Jenis Kelamin Penduduk Menurut Kecamatan di Kabupaten Sekadau, 2022.xlsx",data\raw\Data Penduduk BPS\Kalimantan Barat\Kabupaten Sekadau\data_penduduk_kabupate_001.xlsx
"data\raw\Data Penduduk BPS\Kalimantan Barat\Kabupaten Sintang\Penduduk, Laju Pertumbuhan Penduduk, Distribusi Persentase Penduduk Kepadatan Penduduk, Rasio Jenis Kelamin Penduduk Menurut Kecamatan di Kabupaten Sintang, 2024.xlsx",data\raw\Data Penduduk BPS\Kalimantan Barat\Kabupaten Sintang\data_penduduk_kabupate_001.xlsx
"data\raw\Data Penduduk BPS\Kalimantan Barat\Kota Pontianak\Penduduk, Laju Pertumbuhan Penduduk, Distribusi Persentase Penduduk Kepadatan Penduduk, Rasio Jenis Kelamin Penduduk Menurut Kecamatan di Kota Pontianak, 2025.xlsx",data\raw\Data Penduduk BPS\Kalimantan Barat\Kota Pontianak\data_penduduk_kabupate_001.xlsx
"data\raw\Data Penduduk BPS\Kalimantan Barat\Kota Singkawang\Penduduk, Laju Pertumbuhan Penduduk, Distribusi Persentase Penduduk Kepadatan Penduduk, Rasio Jenis Kelamin Penduduk Menurut Kecamatan di Kota Singkawang, 2023.xlsx",data\raw\Data Penduduk BPS\Kalimantan Barat\Kota Singkawang\data_penduduk_kabupate_001.xlsx
"data\raw\Data Penduduk BPS\Kalimantan Selatan\Kabupaten Balangan\Jumlah Penduduk, Laju Pertumbuhan Penduduk, Distribusi Persentase Penduduk, Kepadatan Penduduk, Rasio Jenis Kelamin Penduduk Menurut Kecamatan di Kabupaten Balangan, 2024.xlsx",data\raw\Data Penduduk BPS\Kalimantan Selatan\Kabupaten Balangan\data_penduduk_kabupate_001.xlsx
"data\raw\Data Penduduk BPS\Kalimantan Selatan\Kabupaten Banjar\Penduduk, Laju Pertumbuhan Penduduk, Distribusi Persentase Penduduk Kepadatan Penduduk, Rasio Jenis Kelamin Penduduk Menurut Kecamatan di Kabupaten Banjar, 2018.xlsx",data\raw\Data Penduduk BPS\Kalimantan Selatan\Kabupaten Banjar\data_penduduk_kabupate_001.xlsx
"data\raw\Data Penduduk BPS\Kalimantan Selatan\Kabupaten Barito Kuala\Penduduk, Laju Pertumbuhan Penduduk, Distribusi Persentase Penduduk Kepadatan Penduduk, Rasio Jenis Kelamin Penduduk Menurut Kecamatan di Kabupaten Barito Kuala, 2024.xlsx",data\raw\Data Penduduk BPS\Kalimantan Selatan\Kabupaten Barito Kuala\data_penduduk_kabupate_001.xlsx
"data\raw\Data Penduduk BPS\Kalimantan Selatan\Kabupaten Hulu Sungai Selatan\Penduduk, Laju Pertumbuhan Penduduk, Distribusi Persentase Penduduk Kepadatan Penduduk, Rasio Jenis Kelamin Penduduk Menurut Kecamatan di Kabupaten Hulu Sungai Selatan, 2019.xlsx",data\raw\Data Penduduk BPS\Kalimantan Selatan\Kabupaten Hulu Sungai Selatan\data_penduduk_kabupate_001.xlsx
"data\raw\Data Penduduk BPS\Kalimantan Selatan\Kabupaten Hulu Sungai Selatan\Penduduk, Laju Pertumbuhan Penduduk, Distribusi Persentase Penduduk Kepadatan Penduduk, Rasio Jenis Kelamin Penduduk Menurut Kecamatan di Kabupaten Hulu Sungai Tengah, 2024.xlsx",data\raw\Data Penduduk BPS\Kalimantan Selatan\Kabupaten Hulu Sungai Selatan\data_penduduk_kabupate_002.xlsx
"data\raw\Data Penduduk BPS\Kalimantan Selatan\Kabupaten Kotabaru\Penduduk, Laju Pertumbuhan Penduduk, Distribusi Persentase Penduduk Kepadatan Penduduk, Rasio Jenis Kelamin Penduduk Menurut Kecamatan di Kabupaten Kota Baru, 2024.xlsx",data\raw\Data Penduduk BPS\Kalimantan Selatan\Kabupaten Kotabaru\data_penduduk_kabupate_001.xlsx
"data\raw\Data Penduduk BPS\Kalimantan Selatan\Kabupaten Kotabaru\Penduduk, Laju Pertumbuhan Penduduk, Distribusi Persentase Penduduk, Kepadatan Penduduk, Rasio Jenis Kelamin Penduduk Menurut Kecamatan di Kabupaten Hulu Sungai Utara, 2024.xlsx",data\raw\Data Penduduk BPS\Kalimantan Selatan\Kabupaten Kotabaru\data_penduduk_kabupate_002.xlsx
"data\raw\Data Penduduk BPS\Kalimantan Selatan\Kabupaten Tabalong\Penduduk, Laju Pertumbuhan Penduduk, Distribusi Persentase Penduduk, Kepadatan Penduduk, Rasio Jenis Kelamin Penduduk Menurut Kecamatan di Kabupaten Tabalong, 2025.xlsx",data\raw\Data Penduduk BPS\Kalimantan Selatan\Kabupaten Tabalong\data_penduduk_kabupate_001.xlsx
"data\raw\Data Penduduk BPS\Kalimantan Selatan\Kabupaten Tanah Bumbu\Penduduk, Laju Pertumbuhan Penduduk, Distribusi Persentase Penduduk Kepadatan Penduduk, Rasio Jenis Kelamin Penduduk Menurut Kecamatan di Kabupaten Tanah Bumbu, 2020.xlsx",data\raw\Data Penduduk BPS\Kalimantan Selatan\Kabupaten Tanah Bumbu\data_penduduk_kabupate_001.xlsx
"data\raw\Data Penduduk BPS\Kalimantan Selatan\Kabupaten Tanah Laut\Penduduk, Laju Pertumbuhan Penduduk, Distribusi Persentase Penduduk Kepadatan Penduduk, Rasio Jenis Kelamin Penduduk Menurut Kecamatan di Kabupaten Tanah Laut, 2024.xlsx",data\raw\Data Penduduk BPS\Kalimantan Selatan\Kabupaten Tanah Laut\data_penduduk_kabupate_001.xlsx
"data\raw\Data Penduduk BPS\Kalimantan Selatan\Kabupaten Tapin\Penduduk, Laju Pertumbuhan Penduduk, Distribusi Persentase Penduduk Kepadatan Penduduk, Rasio Jenis Kelamin Penduduk Menurut Kecamatan di Kabupaten Tapin, 2024.xlsx",data\raw\Data Penduduk BPS\Kalimantan Selatan\Kabupaten Tapin\data_penduduk_kabupate_001.xlsx
"data\raw\Data Penduduk BPS\Kalimantan Selatan\Kota Banjarbaru\Penduduk, Laju Pertumbuhan Penduduk, Distribusi Persentase Penduduk Kepadatan Penduduk, Rasio Jenis Kelamin Penduduk Menurut Kecamatan di Kota Banjar Baru, 2024.xlsx",data\raw\Data Penduduk BPS\Kalimantan Selatan\Kota Banjarbaru\data_penduduk_kabupate_001.xlsx
"data\raw\Data Penduduk BPS\Kalimantan Selatan\Kota Banjarmasin\Penduduk, Laju Pertumbuhan Penduduk, Distribusi Persentase Penduduk Kepadatan Penduduk, Rasio Jenis Kelamin Penduduk Menurut Kecamatan di Kota Banjarmasin, 2024.xlsx",data\raw\Data Penduduk BPS\Kalimantan Selatan\Kota Banjarmasin\data_penduduk_kabupate_001.xlsx
"data\raw\Data Penduduk BPS\Kalimantan Timur\Kabupatan Kutai Barat\Penduduk, Laju Pertumbuhan Penduduk, Distribusi Persentase Penduduk Kepadatan Penduduk, Rasio Jenis Kelamin Penduduk Menurut Kecamatan di Kabupaten Kutai Barat, 2022.xlsx",data\raw\Data Penduduk BPS\Kalimantan Timur\Kabupatan Kutai Barat\data_penduduk_kabupate_001.xlsx
"data\raw\Data Penduduk BPS\Kalimantan Timur\Kabupatan Kutai Timur\Penduduk, Laju Pertumbuhan Penduduk, Distribusi Persentase Penduduk Kepadatan Penduduk, Rasio Jenis Kelamin Penduduk Menurut Kecamatan di Kabupaten Kutai Timur, 2025.xlsx",data\raw\Data Penduduk BPS\Kalimantan Timur\Kabupatan Kutai Timur\data_penduduk_kabupate_001.xlsx
"data\raw\Data Penduduk BPS\Kalimantan Timur\Kabupaten Berau\Penduduk, Laju Pertumbuhan Penduduk, Distribusi Persentase Penduduk, Kepadatan Penduduk, Rasio Jenis Kelamin Penduduk Menurut Kecamatan di Kabupaten Berau, 2022.xlsx",data\raw\Data Penduduk BPS\Kalimantan Timur\Kabupaten Berau\data_penduduk_kabupate_001.xlsx
"data\raw\Data Penduduk BPS\Kalimantan Timur\Kabupaten Kutai Kartanegara\Penduduk, Laju Pertumbuhan Penduduk, Distribusi Persentase Penduduk Kepadatan Penduduk, Rasio Jenis Kelamin Penduduk Menurut Kecamatan di Kabupaten Kutai Kartanegara, 2019.xlsx",data\raw\Data Penduduk BPS\Kalimantan Timur\Kabupaten Kutai Kartanegara\data_penduduk_kabupate_001.xlsx
"data\raw\Data Penduduk BPS\Kalimantan Timur\Kabupaten Mahakam Ulu\Penduduk, Laju Pertumbuhan Penduduk, Distribusi Persentase Penduduk Kepadatan Penduduk, Rasio Jenis Kelamin Penduduk Menurut Kecamatan di Kabupaten Mahakam Hulu, 2023.xlsx",data\raw\Data Penduduk BPS\Kalimantan Timur\Kabupaten Mahakam Ulu\data_penduduk_kabupate_001.xlsx
"data\raw\Data Penduduk BPS\Kalimantan Timur\Kabupaten Paser\Penduduk, Laju Pertumbuhan Penduduk, Distribusi Persentase Penduduk, Kepadatan Penduduk, Rasio Jenis Kelamin Penduduk Menurut Kecamatan di Kabupaten Paser, 2022.xlsx",data\raw\Data Penduduk BPS\Kalimantan Timur\Kabupaten Paser\data_penduduk_kabupate_001.xlsx
"data\raw\Data Penduduk BPS\Kalimantan Timur\Kabupaten Penajam Paser Utara\Penduduk, Laju Pertumbuhan Penduduk, Distribusi Persentase Penduduk, Kepadatan Penduduk, Rasio Jenis Kelamin Penduduk Menurut Kecamatan di Kabupaten Penajam Paser Utara, 2022.xlsx",data\raw\Data Penduduk BPS\Kalimantan Timur\Kabupaten Penajam Paser Utara\data_penduduk_kabupate_001.xlsx
"data\raw\Data Penduduk BPS\Kalimantan Timur\Kota Balikpapan\Penduduk, Laju Pertumbuhan Penduduk, Distribusi Persentase Penduduk Kepadatan Penduduk, Rasio Jenis Kelamin Penduduk Menurut Kecamatan di Kota Balikpapan, 2024.xlsx",data\raw\Data Penduduk BPS\Kalimantan Timur\Kota Balikpapan\data_penduduk_kabupate_001.xlsx
"data\raw\Data Penduduk BPS\Kalimantan Timur\Kota Bontang\Penduduk, Laju Pertumbuhan Penduduk, Distribusi Persentase Penduduk Kepadatan Penduduk, Rasio Jenis Kelamin Penduduk Menurut Kecamatan di Kota Bontang, 2024.xlsx",data\raw\Data Penduduk BPS\Kalimantan Timur\Kota Bontang\data_penduduk_kabupate_001.xlsx
"data\raw\Data Penduduk BPS\Kalimantan Timur\Kota Samarinda\Penduduk, Laju Pertumbuhan Penduduk, Distribusi Persentase Penduduk Kepadatan Penduduk, Rasio Jenis Kelamin Penduduk Menurut Kecamatan di Kota Samarinda, 2024.xlsx",data\raw\Data Penduduk BPS\Kalimantan Timur\Kota Samarinda\data_penduduk_kabupate_001.xlsx
"data\raw\Data Penduduk BPS\Kalimantan Utara\Kabupaten Bulungan\Penduduk, Laju Pertumbuhan Penduduk, Distribusi Persentase Penduduk, Kepadatan Penduduk, Rasio Jenis Kelamin Penduduk Menurut Kecamatan di Kabupaten Bulungan, 2023.xlsx",data\raw\Data Penduduk BPS\Kalimantan Utara\Kabupaten Bulungan\data_penduduk_kabupate_001.xlsx
"data\raw\Data Penduduk BPS\Kalimantan Utara\Kabupaten Malinau\Penduduk, Laju Pertumbuhan Penduduk, Distribusi Persentase Penduduk Kepadatan Penduduk, Rasio Jenis Kelamin Penduduk Menurut Kecamatan di Kabupaten Malinau, 2023.xlsx",data\raw\Data Penduduk BPS\Kalimantan Utara\Kabupaten Malinau\data_penduduk_kabupate_001.xlsx
"data\raw\Data Penduduk BPS\Kalimantan Utara\Kabupaten Nunukan\Penduduk, Laju Pertumbuhan Penduduk, Distribusi Persentase Penduduk Kepadatan Penduduk, Rasio Jenis Kelamin Penduduk Menurut Kecamatan di Kabupaten Nunukan, 2024.xlsx",data\raw\Data Penduduk BPS\Kalimantan Utara\Kabupaten Nunukan\data_penduduk_kabupate_001.xlsx
"data\raw\Data Penduduk BPS\Kalimantan Utara\Kabupaten Tana Tidung\Penduduk, Laju Pertumbuhan Penduduk, Distribusi Persentase Penduduk Kepadatan Penduduk, Rasio Jenis Kelamin Penduduk Menurut Kecamatan di Kabupaten Tana Tidung, 2023.xlsx",data\raw\Data Penduduk BPS\Kalimantan Utara\Kabupaten Tana Tidung\data_penduduk_kabupate_001.xlsx
"data\raw\Data Penduduk BPS\Kalimantan Utara\Kota Tarakan\Penduduk, Laju Pertumbuhan Penduduk, Distribusi Persentase Penduduk Kepadatan Penduduk, Rasio Jenis Kelamin Penduduk Menurut Kecamatan di Kota Tarakan, 2024.xlsx",data\raw\Data Penduduk BPS\Kalimantan Utara\Kota Tarakan\data_penduduk_kabupate_001.xlsx
"data\raw\Data Penduduk BPS\Kapulauan Riau\Kabupaten Bintan\Penduduk, Laju Pertumbuhan Penduduk, Distribusi Persentase Penduduk, Kepadatan Penduduk, Rasio Jenis Kelamin Penduduk Menurut Kecamatan di Kabupaten Bintan, 2023.xlsx",data\raw\Data Penduduk BPS\Kapulauan Riau\Kabupaten Bintan\data_penduduk_kabupate_001.xlsx
"data\raw\Data Penduduk BPS\Kapulauan Riau\Kabupaten Karimun\Penduduk, Laju Pertumbuhan Penduduk, Distribusi Persentase Penduduk, Kepadatan Penduduk, Rasio Jenis Kelamin Penduduk Menurut Kecamatan di Kabupaten Karimun, 2023.xlsx",data\raw\Data Penduduk BPS\Kapulauan Riau\Kabupaten Karimun\data_penduduk_kabupate_001.xlsx
"data\raw\Data Penduduk BPS\Kapulauan Riau\Kabupaten Kepulauan Anambas\Penduduk, Laju Pertumbuhan Penduduk, Distribusi Persentase Penduduk Kepadatan Penduduk, Rasio Jenis Kelamin Penduduk Menurut Kecamatan di Kabupaten Kepulauan Anambas, 2020.xlsx",data\raw\Data Penduduk BPS\Kapulauan Riau\Kabupaten Kepulauan Anambas\data_penduduk_kabupate_001.xlsx
"data\raw\Data Penduduk BPS\Kapulauan Riau\Kabupaten Lingga\Penduduk, Laju Pertumbuhan Penduduk, Distribusi Persentase Penduduk Kepadatan Penduduk, Rasio Jenis Kelamin Penduduk Menurut Kecamatan di Kabupaten Lingga, 2020.xlsx",data\raw\Data Penduduk BPS\Kapulauan Riau\Kabupaten Lingga\data_penduduk_kabupate_001.xlsx
"data\raw\Data Penduduk BPS\Kapulauan Riau\Kabupaten Natuna\Jumlah Penduduk, Laju Pertumbuhan Penduduk, Distribusi Persentase Penduduk, Kepadatan Penduduk, Rasio Jenis Kelamin Penduduk Menurut Kecamatan di Kabupaten Natuna, 2025.xlsx",data\raw\Data Penduduk BPS\Kapulauan Riau\Kabupaten Natuna\data_penduduk_kabupate_001.xlsx
"data\raw\Data Penduduk BPS\Kapulauan Riau\Kota Batam\Penduduk, Laju Pertumbuhan Penduduk, Distribusi Persentase Penduduk Kepadatan Penduduk, Rasio Jenis Kelamin Penduduk Menurut Kecamatan di Kota Batam, 2022.xlsx",data\raw\Data Penduduk BPS\Kapulauan Riau\Kota Batam\data_penduduk_kabupate_001.xlsx
"data\raw\Data Penduduk BPS\Kapulauan Riau\Kota TanjungPinang\Penduduk, Laju Pertumbuhan Penduduk, Distribusi Persentase Penduduk Kepadatan Penduduk, Rasio Jenis Kelamin Penduduk Menurut Kecamatan di Kota Tanjung Pinang, 2025.xlsx",data\raw\Data Penduduk BPS\Kapulauan Riau\Kota TanjungPinang\data_penduduk_kabupate_001.xlsx
"data\raw\Data Penduduk BPS\Lampung\Kabupaten Lampung Barat\Penduduk, Laju Pertumbuhan Penduduk, Distribusi Persentase Penduduk Kepadatan Penduduk, Rasio Jenis Kelamin Penduduk Menurut Kecamatan di Kabupaten Lampung Barat, 2025.xlsx",data\raw\Data Penduduk BPS\Lampung\Kabupaten Lampung Barat\data_penduduk_kabupate_001.xlsx
"data\raw\Data Penduduk BPS\Lampung\Kabupaten Lampung Selatan\Penduduk, Laju Pertumbuhan Penduduk, Distribusi Persentase Penduduk, Kepadatan Penduduk, Rasio Jenis Kelamin Penduduk Menurut Kecamatan di Kabupaten Lampung Selatan, 2024.xlsx",data\raw\Data Penduduk BPS\Lampung\Kabupaten Lampung Selatan\data_penduduk_kabupate_001.xlsx
"data\raw\Data Penduduk BPS\Lampung\Kabupaten Lampung Tengah\Penduduk, Laju Pertumbuhan Penduduk, Distribusi Persentase Penduduk Kepadatan Penduduk, Rasio Jenis Kelamin Penduduk Menurut Kecamatan di Kabupaten Lampung Tengah, 2020.xlsx",data\raw\Data Penduduk BPS\Lampung\Kabupaten Lampung Tengah\data_penduduk_kabupate_001.xlsx
"data\raw\Data Penduduk BPS\Lampung\Kabupaten Lampung Timur\Penduduk, Laju Pertumbuhan Penduduk, Distribusi Persentase Penduduk Kepadatan Penduduk, Rasio Jenis Kelamin Penduduk Menurut Kecamatan di Kabupaten Lampung Timur, 2020.xlsx",data\raw\Data Penduduk BPS\Lampung\Kabupaten Lampung Timur\data_penduduk_kabupate_001.xlsx
"data\raw\Data Penduduk BPS\Lampung\Kabupaten Lampung Utara\Penduduk, Laju Pertumbuhan Penduduk, Distribusi Persentase Penduduk, Kepadatan Penduduk, Rasio Jenis Kelamin Penduduk Menurut Kecamatan di Kabupaten Lampung Utara, 2024.xlsx",data\raw\Data Penduduk BPS\Lampung\Kabupaten Lampung Utara\data_penduduk_kabupate_001.xlsx
data\raw\Data Penduduk BPS\Lampung\Kabupaten Mesuji\penduduk.xls,data\raw\Data Penduduk BPS\Lampung\Kabupaten Mesuji\data_penduduk_kabupate_001.xls
"data\raw\Data Penduduk BPS\Lampung\Kabupaten Pesawaran\Penduduk, Laju Pertumbuhan Penduduk, Distribusi Persentase Penduduk, Kepadatan Penduduk, Rasio Jenis Kelamin Penduduk Menurut Kecamatan di Kabupaten Pesawaran, 2024.xlsx",data\raw\Data Penduduk BPS\Lampung\Kabupaten Pesawaran\data_penduduk_kabupate_001.xlsx
"data\raw\Data Penduduk BPS\Lampung\Kabupaten Pesisir Barat\Penduduk, Laju Pertumbuhan Penduduk, Distribusi Persentase Penduduk Kepadatan Penduduk, Rasio Jenis Kelamin Penduduk Menurut Kecamatan di Kabupaten Pesisir Barat, 2025.xlsx",data\raw\Data Penduduk BPS\Lampung\Kabupaten Pesisir Barat\data_penduduk_kabupate_001.xlsx
"data\raw\Data Penduduk BPS\Lampung\Kabupaten Pringsewu\Penduduk, Laju Pertumbuhan Penduduk, Distribusi Persentase Penduduk Kepadatan Penduduk, Rasio Jenis Kelamin Penduduk Menurut Kecamatan di Kabupaten Pringsewu, 2025.xlsx",data\raw\Data Penduduk BPS\Lampung\Kabupaten Pringsewu\data_penduduk_kabupate_001.xlsx
"data\raw\Data Penduduk BPS\Lampung\Kabupaten Tanggamus\Penduduk, Laju Pertumbuhan Penduduk, Distribusi Persentase Penduduk, Kepadatan Penduduk, Rasio Jenis Kelamin Penduduk Menurut Kecamatan di Kabupaten Tanggamus, 2025.xlsx",data\raw\Data Penduduk BPS\Lampung\Kabupaten Tanggamus\data_penduduk_kabupate_001.xlsx
data\raw\Data Penduduk BPS\Lampung\Kabupaten Tulang Bawang\penduduk.xls,data\raw\Data Penduduk BPS\Lampung\Kabupaten Tulang Bawang\data_penduduk_kabupate_001.xls
"data\raw\Data Penduduk BPS\Lampung\Kabupaten Tulang Bawang Barat\Penduduk, Laju Pertumbuhan Penduduk, Distribusi Persentase Penduduk Kepadatan Penduduk, Rasio Jenis Kelamin Penduduk Menurut Kecamatan di Kabupaten Tulang Bawang Barat, 2024.xlsx",data\raw\Data Penduduk BPS\Lampung\Kabupaten Tulang Bawang Barat\data_penduduk_kabupate_001.xlsx
"data\raw\Data Penduduk BPS\Lampung\Kabupaten Way Kanan\Penduduk, Laju Pertumbuhan Penduduk per Tahun, Distribusi Persentase Penduduk, Kepadatan Penduduk, Rasio Jenis Kelamin Penduduk Menurut Kecamatan, 2024.xlsx",data\raw\Data Penduduk BPS\Lampung\Kabupaten Way Kanan\data_penduduk_kabupate_001.xlsx
"data\raw\Data Penduduk BPS\Lampung\Kota Bandar Lampung\Penduduk, Laju Pertumbuhan Penduduk, Distribusi Persentase Penduduk, Kepadatan Penduduk, Rasio Jenis Kelamin Penduduk Menurut Kecamatan di Kota Bandar Lampung, 2023.xlsx",data\raw\Data Penduduk BPS\Lampung\Kota Bandar Lampung\data_penduduk_kabupate_001.xlsx
"data\raw\Data Penduduk BPS\Lampung\Kota Metro\Penduduk, Laju Pertumbuhan Penduduk, Distribusi Persentase Penduduk Kepadatan Penduduk, Rasio Jenis Kelamin Penduduk Menurut Kecamatan di Kota Metro, 2021.xlsx",data\raw\Data Penduduk BPS\Lampung\Kota Metro\data_penduduk_kabupate_001.xlsx
"data\raw\Data Penduduk BPS\Maluku\Kabupaten Buru\Penduduk, Laju Pertumbuhan Penduduk, Distribusi Persentase Penduduk, Kepadatan Penduduk, Rasio Jenis Kelamin Penduduk Menurut Kecamatan di Kabupaten Buru, 2025.xlsx",data\raw\Data Penduduk BPS\Maluku\Kabupaten Buru\data_penduduk_kabupate_001.xlsx
"data\raw\Data Penduduk BPS\Maluku\Kabupaten Kepulauan Aru\Penduduk, Laju Pertumbuhan Penduduk, Distribusi Persentase Penduduk, Kepadatan Penduduk, Rasio Jenis Kelamin Penduduk Menurut Kecamatan di Kabupaten Kepulauan Aru, 2023.xlsx",data\raw\Data Penduduk BPS\Maluku\Kabupaten Kepulauan Aru\data_penduduk_kabupate_001.xlsx
"data\raw\Data Penduduk BPS\Maluku\Kabupaten Maluku Barat Daya\Penduduk, Laju Pertumbuhan Penduduk, Distribusi Persentase Penduduk Kepadatan Penduduk, Rasio Jenis Kelamin Penduduk Menurut Kecamatan di Kabupaten Maluku Barat Daya, 2019.xlsx",data\raw\Data Penduduk BPS\Maluku\Kabupaten Maluku Barat Daya\data_penduduk_kabupate_001.xlsx
"data\raw\Data Penduduk BPS\Maluku\Kabupaten Maluku Tengah\Penduduk, Laju Pertumbuhan Penduduk, Distribusi Persentase Penduduk Kepadatan Penduduk, Rasio Jenis Kelamin Penduduk Menurut Kecamatan di Kabupaten Maluku Tengah, 2021.xlsx",data\raw\Data Penduduk BPS\Maluku\Kabupaten Maluku Tengah\data_penduduk_kabupate_001.xlsx
"data\raw\Data Penduduk BPS\Maluku\Kabupaten Maluku Tenggara\Penduduk, Laju Pertumbuhan Penduduk, Distribusi Persentase Penduduk Kepadatan Penduduk, Rasio Jenis Kelamin Penduduk Menurut Kecamatan di Kabupaten Maluku Tenggara, 2019.xlsx",data\raw\Data Penduduk BPS\Maluku\Kabupaten Maluku Tenggara\data_penduduk_kabupate_001.xlsx
"data\raw\Data Penduduk BPS\Maluku\Kabupaten Seram Bagian Barat\Penduduk, Laju Pertumbuhan Penduduk, Distribusi Persentase Penduduk Kepadatan Penduduk, Rasio Jenis Kelamin Penduduk Menurut Kecamatan di Kabupaten Seram Bagian Barat, 2022.xlsx",data\raw\Data Penduduk BPS\Maluku\Kabupaten Seram Bagian Barat\data_penduduk_kabupate_001.xlsx
data\raw\Data Penduduk BPS\Maluku\Kabupaten Seram Bagian Timur\jumlah-penduduk-menurut-kecamatan-dan-jenis-kelamin-di-seram-bagian-timur.xls,data\raw\Data Penduduk BPS\Maluku\Kabupaten Seram Bagian Timur\data_penduduk_kabupate_001.xls
"data\raw\Data Penduduk BPS\Maluku\Kota Ambon\Penduduk, Laju Pertumbuhan Penduduk, Distribusi Persentase Penduduk Kepadatan Penduduk, Rasio Jenis Kelamin Penduduk Menurut Kecamatan di Kota Ambon, 2020.xlsx",data\raw\Data Penduduk BPS\Maluku\Kota Ambon\data_penduduk_kabupate_001.xlsx
"data\raw\Data Penduduk BPS\Maluku\Kota Tual\Penduduk, Laju Pertumbuhan Penduduk, Distribusi Persentase Penduduk Kepadatan Penduduk, Rasio Jenis Kelamin Penduduk Menurut Kecamatan di Kota Tual, 2019.xlsx",data\raw\Data Penduduk BPS\Maluku\Kota Tual\data_penduduk_kabupate_001.xlsx
"data\raw\Data Penduduk BPS\Maluku Utara\Kabupaten Halmahera Barat\Penduduk, Laju Pertumbuhan Penduduk, Distribusi Persentase Penduduk Kepadatan Penduduk, Rasio Jenis Kelamin Penduduk Menurut Kecamatan di Kabupaten Halmahera Barat, 2018.xlsx",data\raw\Data Penduduk BPS\Maluku Utara\Kabupaten Halmahera Barat\data_penduduk_kabupate_001.xlsx
"data\raw\Data Penduduk BPS\Maluku Utara\Kabupaten Halmahera Selatan\Penduduk, Laju Pertumbuhan Penduduk, Distribusi Persentase Penduduk, Kepadatan Penduduk, Rasio Jenis Kelamin Penduduk Menurut Kecamatan di Kabupaten Halmahera Selatan, 2024.xlsx",data\raw\Data Penduduk BPS\Maluku Utara\Kabupaten Halmahera Selatan\data_penduduk_kabupate_001.xlsx
"data\raw\Data Penduduk BPS\Maluku Utara\Kabupaten Halmahera Tengah\Penduduk, Laju Pertumbuhan Penduduk, Distribusi Persentase Penduduk, Kepadatan Penduduk, Rasio Jenis Kelamin Penduduk Menurut Kecamatan di Kabupaten Halmahera Tengah, 2023.xlsx",data\raw\Data Penduduk BPS\Maluku Utara\Kabupaten Halmahera Tengah\data_penduduk_kabupate_001.xlsx
"data\raw\Data Penduduk BPS\Maluku Utara\Kabupaten Halmahera Timur\Penduduk, Laju Pertumbuhan Penduduk, Distribusi Persentase Penduduk, Kepadatan Penduduk, Rasio Jenis Kelamin Penduduk Menurut Kecamatan di Kabupaten Halmahera Timur, 2025.xlsx",data\raw\Data Penduduk BPS\Maluku Utara\Kabupaten Halmahera Timur\data_penduduk_kabupate_001.xlsx
"data\raw\Data Penduduk BPS\Maluku Utara\Kabupaten Halmahera Utara\Penduduk, Laju Pertumbuhan Penduduk, Distribusi Persentase Penduduk Kepadatan Penduduk, Rasio Jenis Kelamin Penduduk Menurut Kecamatan di Kabupaten Halmahera Utara, 2019.xlsx",data\raw\Data Penduduk BPS\Maluku Utara\Kabupaten Halmahera Utara\data_penduduk_kabupate_001.xlsx
"data\raw\Data Penduduk BPS\Maluku Utara\Kabupaten Kepulauan Taliabub\Penduduk, Laju Pertumbuhan Penduduk, Distribusi Persentase Penduduk Kepadatan Penduduk, Rasio Jenis Kelamin Penduduk Menurut Kecamatan di Kabupaten Pulau Taliabu, 2024.xlsx",data\raw\Data Penduduk BPS\Maluku Utara\Kabupaten Kepulauan Taliabub\data_penduduk_kabupate_001.xlsx
"data\raw\Data Penduduk BPS\Maluku Utara\Kabupaten Pulau Morotai\Jumlah Penduduk, Laju Pertumbuhan Penduduk, Distribusi Persentase Penduduk, Kepadatan Penduduk, Rasio Jenis Kelamin Penduduk Menurut Kecamatan di Kabupaten Pulau Morotai, 2024.xlsx",data\raw\Data Penduduk BPS\Maluku Utara\Kabupaten Pulau Morotai\data_penduduk_kabupate_001.xlsx
"data\raw\Data Penduduk BPS\Maluku Utara\Kepulauan Sula\Penduduk, Laju Pertumbuhan Penduduk, Distribusi Persentase Penduduk Kepadatan Penduduk, Rasio Jenis Kelamin Penduduk Menurut Kecamatan di Kabupaten Kepulauan Sula, 2023.xlsx",data\raw\Data Penduduk BPS\Maluku Utara\Kepulauan Sula\data_penduduk_kabupate_001.xlsx
"data\raw\Data Penduduk BPS\Maluku Utara\Kota Ternate\Kepadatan Penduduk, 2023.xlsx",data\raw\Data Penduduk BPS\Maluku Utara\Kota Ternate\data_penduduk_kabupate_001.xlsx
"data\raw\Data Penduduk BPS\Maluku Utara\Kota Tidore Kepulauan\Penduduk, Laju Pertumbuhan Penduduk, Distribusi Persentase Penduduk, Kepadatan Penduduk, Rasio Jenis Kelamin Penduduk Menurut Kecamatan di Kota Tidore Kepulauan, 2024.xlsx",data\raw\Data Penduduk BPS\Maluku Utara\Kota Tidore Kepulauan\data_penduduk_kabupate_001.xlsx
"data\raw\Data Penduduk BPS\Nusa Tenggara Barat\Kabupaten Bima\Penduduk, Laju Pertumbuhan Penduduk, Distribusi Persentase Penduduk, Kepadatan Penduduk, Rasio Jenis Kelamin Penduduk Menurut Kecamatan di Kabupaten Bima, 2024.xlsx",data\raw\Data Penduduk BPS\Nusa Tenggara Barat\Kabupaten Bima\data_penduduk_kabupate_001.xlsx
"data\raw\Data Penduduk BPS\Nusa Tenggara Barat\Kabupaten Dompu\Penduduk, Laju Pertumbuhan Penduduk, Distribusi Persentase Penduduk, Kepadatan Penduduk, Rasio Jenis Kelamin Penduduk Menurut Kecamatan di Kabupaten Dompu, 2024.xlsx",data\raw\Data Penduduk BPS\Nusa Tenggara Barat\Kabupaten Dompu\data_penduduk_kabupate_001.xlsx
"data\raw\Data Penduduk BPS\Nusa Tenggara Barat\Kabupaten Lombok Barat\Jumlah Penduduk, Laju Pertumbuhan Penduduk, Distribusi Persentase Penduduk, Kepadatan Penduduk, Rasio Jenis Kelamin Penduduk Menurut Kecamatan di Kabupaten Lombok Barat, 2024.xlsx",data\raw\Data Penduduk BPS\Nusa Tenggara Barat\Kabupaten Lombok Barat\data_penduduk_kabupate_001.xlsx
"data\raw\Data Penduduk BPS\Nusa Tenggara Barat\Kabupaten Lombok Tengah\Penduduk, Laju Pertumbuhan Penduduk, Distribusi Persentase Penduduk Kepadatan Penduduk, Rasio Jenis Kelamin Penduduk Menurut Kecamatan di Kabupaten Lombok Tengah, 2019.xlsx",data\raw\Data Penduduk BPS\Nusa Tenggara Barat\Kabupaten Lombok Tengah\data_penduduk_kabupate_001.xlsx
"data\raw\Data Penduduk BPS\Nusa Tenggara Barat\Kabupaten Lombok Timur\Penduduk, Laju Pertumbuhan Penduduk, Distribusi Persentase Penduduk, Kepadatan Penduduk, Rasio Jenis Kelamin Penduduk Menurut Kecamatan di Kabupaten Lombok Timur, 2024.xlsx",data\raw\Data Penduduk BPS\Nusa Tenggara Barat\Kabupaten Lombok Timur\data_penduduk_kabupate_001.xlsx
"data\raw\Data Penduduk BPS\Nusa Tenggara Barat\Kabupaten Lombok Utara\Penduduk, Laju Pertumbuhan Penduduk, Distribusi Persentase Penduduk Kepadatan Penduduk, Rasio Jenis Kelamin Penduduk Menurut Kecamatan di Kabupaten Lombok Utara, 2024.xlsx",data\raw\Data Penduduk BPS\Nusa Tenggara Barat\Kabupaten Lombok Utara\data_penduduk_kabupate_001.xlsx
"data\raw\Data Penduduk BPS\Nusa Tenggara Barat\Kabupaten Sumbawa\Penduduk, Laju Pertumbuhan Penduduk, Distribusi Persentase Penduduk Kepadatan Penduduk, Rasio Jenis Kelamin Penduduk Menurut Kecamatan di Kabupaten Sumbawa, 2024.xlsx",data\raw\Data Penduduk BPS\Nusa Tenggara Barat\Kabupaten Sumbawa\data_penduduk_kabupate_001.xlsx
"data\raw\Data Penduduk BPS\Nusa Tenggara Barat\Kota Bima\Penduduk, Laju Pertumbuhan Penduduk per Tahun, Distribusi Persentase Penduduk, Kepadatan Penduduk, Rasio Jenis Kelamin Penduduk Menurut Kecamatan di Kota Bima, 2024.xlsx",data\raw\Data Penduduk BPS\Nusa Tenggara Barat\Kota Bima\data_penduduk_kabupate_001.xlsx
"data\raw\Data Penduduk BPS\Nusa Tenggara Barat\Kota Mataram\Jumlah Penduduk, Laju Pertumbuhan Penduduk, Distribusi Persentase Penduduk, Kepadatan Penduduk, Rasio Jenis Kelamin Penduduk Menurut Kecamatan di Kota Mataram, 2024.xlsx",data\raw\Data Penduduk BPS\Nusa Tenggara Barat\Kota Mataram\data_penduduk_kabupate_001.xlsx
"data\raw\Data Penduduk BPS\Nusa Tenggara Timur\Kabupaten Alor\Penduduk, Laju Pertumbuhan Penduduk, Distribusi Persentase Penduduk Kepadatan Penduduk, Rasio Jenis Kelamin Penduduk Menurut Kecamatan di Kabupaten Alor, 2018.xlsx",data\raw\Data Penduduk BPS\Nusa Tenggara Timur\Kabupaten Alor\data_penduduk_kabupate_001.xlsx
data\raw\Data Penduduk BPS\Nusa Tenggara Timur\Kabupaten Belu\jumlah-penduduk-dan-laju-pertumbuhan-penduduk-kabupaten-belu-2024.xls,data\raw\Data Penduduk BPS\Nusa Tenggara Timur\Kabupaten Belu\data_penduduk_kabupate_001.xls
"data\raw\Data Penduduk BPS\Nusa Tenggara Timur\Kabupaten Ende\Jumlah Penduduk, Laju Pertumbuhan Penduduk, Distribusi Persentase Penduduk, Kepadatan Penduduk, Rasio Jenis Kelamin Penduduk Menurut Kecamatan di Kabupaten Ende, 2024.xlsx",data\raw\Data Penduduk BPS\Nusa Tenggara Timur\Kabupaten Ende\data_penduduk_kabupate_001.xlsx
"data\raw\Data Penduduk BPS\Nusa Tenggara Timur\Kabupaten Flores Timur\Penduduk, Laju Pertumbuhan Penduduk, Distribusi Persentase Penduduk Kepadatan Penduduk, Rasio Jenis Kelamin Penduduk Menurut Kecamatan di Kabupaten Flores Timur, 2024.xlsx",data\raw\Data Penduduk BPS\Nusa Tenggara Timur\Kabupaten Flores Timur\data_penduduk_kabupate_001.xlsx
"data\raw\Data Penduduk BPS\Nusa Tenggara Timur\Kabupaten Kupang\Penduduk, Laju Pertumbuhan Penduduk, Distribusi Persentase Penduduk, Kepadatan Penduduk, Rasio Jenis Kelamin Penduduk Menurut Kecamatan di Kabupaten Kupang, 2023.xlsx",data\raw\Data Penduduk BPS\Nusa Tenggara Timur\Kabupaten Kupang\data_penduduk_kabupate_001.xlsx
"data\raw\Data Penduduk BPS\Nusa Tenggara Timur\Kabupaten Lembata\Penduduk, Laju Pertumbuhan Penduduk, Distribusi Persentase Penduduk, Kepadatan Penduduk, Rasio Jenis Kelamin Penduduk Menurut Kecamatan di Kabupaten Lembata, 2025.xlsx",data\raw\Data Penduduk BPS\Nusa Tenggara Timur\Kabupaten Lembata\data_penduduk_kabupate_001.xlsx
data\raw\Data Penduduk BPS\Nusa Tenggara Timur\Kabupaten Malaka\penduduk.xls,data\raw\Data Penduduk BPS\Nusa Tenggara Timur\Kabupaten Malaka\data_penduduk_kabupate_001.xls
"data\raw\Data Penduduk BPS\Nusa Tenggara Timur\Kabupaten Manggarai\Penduduk, Laju Pertumbuhan Penduduk, Distribusi Persentase Penduduk Kepadatan Penduduk, Rasio Jenis Kelamin Penduduk Menurut Kecamatan di Kabupaten Manggarai, 2025.xlsx",data\raw\Data Penduduk BPS\Nusa Tenggara Timur\Kabupaten Manggarai\data_penduduk_kabupate_001.xlsx
"data\raw\Data Penduduk BPS\Nusa Tenggara Timur\Kabupaten Manggarai Barat\Jumlah Penduduk, Laju Pertumbuhan Penduduk, Distribusi Persentase Penduduk, Kepadatan Penduduk, Rasio Jenis Kelamin Penduduk Menurut Kecamatan di Kabupaten Manggarai Barat, 2025.xlsx",data\raw\Data Penduduk BPS\Nusa Tenggara Timur\Kabupaten Manggarai Barat\data_penduduk_kabupate_001.xlsx
"data\raw\Data Penduduk BPS\Nusa Tenggara Timur\Kabupaten Manggarai Timur\Penduduk, Laju Pertumbuhan Penduduk, Distribusi Persentase Penduduk, Kepadatan Penduduk, Rasio Jenis Kelamin Penduduk Menurut Kecamatan di Kabupaten Manggarai Timur, 2023.xlsx",data\raw\Data Penduduk BPS\Nusa Tenggara Timur\Kabupaten Manggarai Timur\data_penduduk_kabupate_001.xlsx
"data\raw\Data Penduduk BPS\Nusa Tenggara Timur\Kabupaten Nagekeo\Penduduk, Laju Pertumbuhan Penduduk, Distribusi Persentase Penduduk, Kepadatan Penduduk, Rasio Jenis Kelamin Penduduk Menurut Kecamatan di Kabupaten Nagekeo, 2024.xlsx",data\raw\Data Penduduk BPS\Nusa Tenggara Timur\Kabupaten Nagekeo\data_penduduk_kabupate_001.xlsx
"data\raw\Data Penduduk BPS\Nusa Tenggara Timur\Kabupaten Ngada\Penduduk, Laju Pertumbuhan Penduduk, Distribusi Persentase Penduduk Kepadatan Penduduk, Rasio Jenis Kelamin Penduduk Menurut Kecamatan di Kabupaten Ngada, 2024.xlsx",data\raw\Data Penduduk BPS\Nusa Tenggara Timur\Kabupaten Ngada\data_penduduk_kabupate_001.xlsx
"data\raw\Data Penduduk BPS\Nusa Tenggara Timur\Kabupaten Rote Ndao\Penduduk, Laju Pertumbuhan Penduduk, Distribusi Persentase Penduduk Kepadatan Penduduk, Rasio Jenis Kelamin Penduduk Menurut Kecamatan di Kabupaten Rote Ndao, 2018.xlsx",data\raw\Data Penduduk BPS\Nusa Tenggara Timur\Kabupaten Rote Ndao\data_penduduk_kabupate_001.xlsx
"data\raw\Data Penduduk BPS\Nusa Tenggara Timur\Kabupaten Sabu Raijua\Penduduk, Laju Pertumbuhan Penduduk, Distribusi Persentase Penduduk Kepadatan Penduduk, Rasio Jenis Kelamin Penduduk Menurut Kecamatan di Kabupaten Sabu Raijua, 2022.xlsx",data\raw\Data Penduduk BPS\Nusa Tenggara Timur\Kabupaten Sabu Raijua\data_penduduk_kabupate_001.xlsx
"data\raw\Data Penduduk BPS\Nusa Tenggara Timur\Kabupaten Sikka\Penduduk, Laju Pertumbuhan Penduduk, Distribusi Persentase Penduduk, Kepadatan Penduduk, Rasio Jenis Kelamin Penduduk Menurut Kecamatan di Kabupaten Sikka, 2024.xlsx",data\raw\Data Penduduk BPS\Nusa Tenggara Timur\Kabupaten Sikka\data_penduduk_kabupate_001.xlsx
"data\raw\Data Penduduk BPS\Nusa Tenggara Timur\Kabupaten Sumba Barat\Penduduk, Laju Pertumbuhan Penduduk, Distribusi Persentase Penduduk Kepadatan Penduduk, Rasio Jenis Kelamin Penduduk Menurut Kecamatan di Kabupaten Sumba Barat, 2025.xlsx",data\raw\Data Penduduk BPS\Nusa Tenggara Timur\Kabupaten Sumba Barat\data_penduduk_kabupate_001.xlsx
"data\raw\Data Penduduk BPS\Nusa Tenggara Timur\Kabupaten Sumba Barat Daya\Penduduk, Laju Pertumbuhan Penduduk, Distribusi Persentase Penduduk Kepadatan Penduduk, Rasio Jenis Kelamin Penduduk Menurut Kecamatan di Kabupaten Sumba Barat Daya, 2018.xlsx",data\raw\Data Penduduk BPS\Nusa Tenggara Timur\Kabupaten Sumba Barat Daya\data_penduduk_kabupate_001.xlsx
"data\raw\Data Penduduk BPS\Nusa Tenggara Timur\Kabupaten Sumba Tengah\Penduduk, Laju Pertumbuhan Penduduk, Distribusi Persentase Penduduk Kepadatan Penduduk, Rasio Jenis Kelamin Penduduk Menurut Kecamatan di Kabupaten Sumba Tengah, 2018.xlsx",data\raw\Data Penduduk BPS\Nusa Tenggara Timur\Kabupaten Sumba Tengah\data_penduduk_kabupate_001.xlsx
"data\raw\Data Penduduk BPS\Nusa Tenggara Timur\Kabupaten Sumba Timur\Jumlah Penduduk, Laju Pertumbuhan Penduduk, Distribusi Persentase Penduduk, Kepadatan Penduduk, Rasio Jenis Kelamin Penduduk Menurut Kecamatan di Kabupaten Sumba Timur, 2025.xlsx",data\raw\Data Penduduk BPS\Nusa Tenggara Timur\Kabupaten Sumba Timur\data_penduduk_kabupate_001.xlsx
"data\raw\Data Penduduk BPS\Nusa Tenggara Timur\Kabupaten Timor Tengah Selatan\Jumlah Penduduk, Laju Pertumbuhan Penduduk, Distribusi Persentase Penduduk, Kepadatan Penduduk, Rasio Jenis Kelamin Penduduk Menurut Kecamatan di Kabupaten Timor Tengah Selatan, 2025.xlsx",data\raw\Data Penduduk BPS\Nusa Tenggara Timur\Kabupaten Timor Tengah Selatan\data_penduduk_kabupate_001.xlsx
"data\raw\Data Penduduk BPS\Nusa Tenggara Timur\Kabupaten Timor Tengah Utara\Penduduk, Laju Pertumbuhan Penduduk, Distribusi Persentase Penduduk Kepadatan Penduduk, Rasio Jenis Kelamin Penduduk Menurut Kecamatan di Kabupaten Timor Tengah Utara, 2022.xlsx",data\raw\Data Penduduk BPS\Nusa Tenggara Timur\Kabupaten Timor Tengah Utara\data_penduduk_kabupate_001.xlsx
"data\raw\Data Penduduk BPS\Nusa Tenggara Timur\Kota Kupang\Penduduk, Laju Pertumbuhan Penduduk, Distribusi Persentase Penduduk Kepadatan Penduduk, Rasio Jenis Kelamin Penduduk Menurut Kecamatan di Kota Kupang, 2018.xlsx",data\raw\Data Penduduk BPS\Nusa Tenggara Timur\Kota Kupang\data_penduduk_kabupate_001.xlsx
"data\raw\Data Penduduk BPS\Papua\Kabupaten Biak Numfor\Penduduk, Laju Pertumbuhan Penduduk, Distribusi Persentase Penduduk, Kepadatan Penduduk, Rasio Jenis Kelamin Penduduk Menurut Kecamatan di Kabupaten Biak Numfor, 2024.xlsx",data\raw\Data Penduduk BPS\Papua\Kabupaten Biak Numfor\data_penduduk_kabupate_001.xlsx
"data\raw\Data Penduduk BPS\Papua\Kabupaten Kepulauan Yapen\Jumlah Penduduk, Laju Pertumbuhan Penduduk, Distribusi Persentase Penduduk, Kepadatan Penduduk, Rasio Jenis Kelamin Penduduk Menurut Kecamatan di Kabupaten Kepulauan Yapen, 2024.xlsx",data\raw\Data Penduduk BPS\Papua\Kabupaten Kepulauan Yapen\data_penduduk_kabupate_001.xlsx
"data\raw\Data Penduduk BPS\Papua\Kabupaten Mamberamo Tengah\Penduduk, Laju Pertumbuhan Penduduk, Distribusi Persentase Penduduk Kepadatan Penduduk, Rasio Jenis Kelamin Penduduk Menurut Kecamatan di Kabupaten Mamberamo Tengah, 2018.xlsx",data\raw\Data Penduduk BPS\Papua\Kabupaten Mamberamo Tengah\data_penduduk_kabupate_001.xlsx
"data\raw\Data Penduduk BPS\Papua\Kabupaten Sarmi\Penduduk, Laju Pertumbuhan Penduduk, Distribusi Persentase Penduduk Kepadatan Penduduk, Rasio Jenis Kelamin Penduduk Menurut Kecamatan di Kabupaten Sarmi, 2024.xlsx",data\raw\Data Penduduk BPS\Papua\Kabupaten Sarmi\data_penduduk_kabupate_001.xlsx
"data\raw\Data Penduduk BPS\Papua\Kabupaten Supiori\Jumlah Penduduk, Laju Pertumbuhan Penduduk, Distribusi Persentase Penduduk, Kepadatan Penduduk, Rasio Jenis Kelamin Penduduk Menurut Kecamatan di Kabupaten Supiori, 2024.xlsx",data\raw\Data Penduduk BPS\Papua\Kabupaten Supiori\data_penduduk_kabupate_001.xlsx
"data\raw\Data Penduduk BPS\Papua\Kabupaten Waropen\Penduduk, Laju Pertumbuhan Penduduk, Distribusi Persentase Penduduk Kepadatan Penduduk, Rasio Jenis Kelamin Penduduk Menurut Kecamatan di Kabupaten Waropen, 2021.xlsx",data\raw\Data Penduduk BPS\Papua\Kabupaten Waropen\data_penduduk_kabupate_001.xlsx
"data\raw\Data Penduduk BPS\Papua Barat\Kabupaten Fakfak\Penduduk, Laju Pertumbuhan Penduduk, Distribusi Penduduk, Kepadatan Penduduk, dan Rasio Jenis Kelamin menurut Distrik di Kabupaten Fakfak, 2024.xlsx",data\raw\Data Penduduk BPS\Papua Barat\Kabupaten Fakfak\data_penduduk_kabupate_001.xlsx
"data\raw\Data Penduduk BPS\Papua Barat\Kabupaten Kaimana\Penduduk, Laju Pertumbuhan Penduduk, Distribusi Persentase Penduduk Kepadatan Penduduk, Rasio Jenis Kelamin Penduduk Menurut Kecamatan di Kabupaten Kaimana, 2024.xlsx",data\raw\Data Penduduk BPS\Papua Barat\Kabupaten Kaimana\data_penduduk_kabupate_001.xlsx
"data\raw\Data Penduduk BPS\Papua Barat\Kabupaten Manokwari\Penduduk, Laju Pertumbuhan Penduduk, Distribusi Persentase Penduduk Kepadatan Penduduk, Rasio Jenis Kelamin Penduduk Menurut Kecamatan di Kabupaten Manokwari, 2024.xlsx",data\raw\Data Penduduk BPS\Papua Barat\Kabupaten Manokwari\data_penduduk_kabupate_001.xlsx
"data\raw\Data Penduduk BPS\Papua Barat\Kabupaten Manokwari Selatan\Penduduk, Laju Pertumbuhan Penduduk, Distribusi Persentase Penduduk Kepadatan Penduduk, Rasio Jenis Kelamin Penduduk Menurut Kecamatan di Kabupaten Manokwari Selatan, 2019.xlsx",data\raw\Data Penduduk BPS\Papua Barat\Kabupaten Manokwari Selatan\data_penduduk_kabupate_001.xlsx
"data\raw\Data Penduduk BPS\Papua Barat\Kabupaten Pegunungan Arfak\Penduduk, Laju Pertumbuhan Penduduk, Distribusi Persentase Penduduk Kepadatan Penduduk, Rasio Jenis Kelamin Penduduk Menurut Kecamatan di Kabupaten Pegunungan Arfak, 2019.xlsx",data\raw\Data Penduduk BPS\Papua Barat\Kabupaten Pegunungan Arfak\data_penduduk_kabupate_001.xlsx
"data\raw\Data Penduduk BPS\Papua Barat\Kabupaten Teluk Bintuni\Penduduk, Laju Pertumbuhan Penduduk, Distribusi Persentase Penduduk Kepadatan Penduduk, Rasio Jenis Kelamin Penduduk Menurut Kecamatan di Kabupaten Teluk Bintuni, 2024.xlsx",data\raw\Data Penduduk BPS\Papua Barat\Kabupaten Teluk Bintuni\data_penduduk_kabupate_001.xlsx
"data\raw\Data Penduduk BPS\Papua Barat\Kabupaten Teluk Wondama\Penduduk, Laju Pertumbuhan Penduduk, Distribusi Persentase Penduduk, Kepadatan Penduduk, Rasio Jenis Kelamin Penduduk Menurut Kecamatan di Kabupaten Teluk Wondama, 2024.xlsx",data\raw\Data Penduduk BPS\Papua Barat\Kabupaten Teluk Wondama\data_penduduk_kabupate_001.xlsx
data\raw\Data Penduduk BPS\Papua Barat Daya\Kabupaten Maybrat\jumlah-penduduk-dan-rasio-jenis-kelamin-menurut-distrik-di-kabupaten-maybrat.xls,data\raw\Data Penduduk BPS\Papua Barat Daya\Kabupaten Maybrat\data_penduduk_kabupate_001.xls
"data\raw\Data Penduduk BPS\Papua Barat Daya\Kabupaten Raja Ampat\Penduduk, Laju Pertumbuhan Penduduk, Distribusi Persentase Penduduk, Kepadatan Penduduk, Rasio Jenis Kelamin Penduduk Menurut Kecamatan di Kabupaten Raja Ampat, 2023.xlsx",data\raw\Data Penduduk BPS\Papua Barat Daya\Kabupaten Raja Ampat\data_penduduk_kabupate_001.xlsx
data\raw\Data Penduduk BPS\Papua Barat Daya\Kabupaten Sorong\jumlah-penduduk-kabupaten-sorong-menurut-jenis-kelamin.xls,data\raw\Data Penduduk BPS\Papua Barat Daya\Kabupaten Sorong\data_penduduk_kabupate_001.xls
"data\raw\Data Penduduk BPS\Papua Barat Daya\Kabupaten Sorong Selatan\Jumlah Penduduk Menurut Distrik, 2018.xlsx",data\raw\Data Penduduk BPS\Papua Barat Daya\Kabupaten Sorong Selatan\data_penduduk_kabupate_001.xlsx
"data\raw\Data Penduduk BPS\Papua Pegunungan\Jumlah Penduduk, Laju Pertumbuhan Penduduk, Distribusi Persentase Penduduk, Kepadatan Penduduk, Rasio Jenis Kelamin Penduduk Menurut Kecamatan di Kabupaten Mappi, 2024.xlsx",data\raw\Data Penduduk BPS\Papua Pegunungan\data_penduduk_kabupate_001.xlsx
data\raw\Data Penduduk BPS\Papua Pegunungan\Kabupaten Lanny Jaya\banyaknya-penduduk-menurut-distrik-dan-jenis-kelamin-di-kabupaten-lanny-jaya.xls,data\raw\Data Penduduk BPS\Papua Pegunungan\Kabupaten Lanny Jaya\data_penduduk_kabupate_001.xls
data\raw\Data Penduduk BPS\Papua Pegunungan\Kabupaten Lanny Jaya\luas-wilayah-dan-jumlah-penduduk-menurut-distrik-di-kabupaten-lanny-jaya.xls,data\raw\Data Penduduk BPS\Papua Pegunungan\Kabupaten Lanny Jaya\data_penduduk_kabupate_002.xls
"data\raw\Data Penduduk BPS\Papua Pegunungan\Kabupaten Mamberamo Tengah\Kepadatan, 2012.xlsx",data\raw\Data Penduduk BPS\Papua Pegunungan\Kabupaten Mamberamo Tengah\data_penduduk_kabupate_001.xlsx
"data\raw\Data Penduduk BPS\Papua Pegunungan\Kabupaten Nduga\Jumlah Penduduk, Laju Pertumbuhan Penduduk, Distribusi Persentase Penduduk, Kepadatan Penduduk, Rasio Jenis Kelamin Penduduk Menurut Kecamatan di Kabupaten Pegunungan Bintang, 2024.xlsx",data\raw\Data Penduduk BPS\Papua Pegunungan\Kabupaten Nduga\data_penduduk_kabupate_001.xlsx
"data\raw\Data Penduduk BPS\Papua Pegunungan\Kabupaten Pegunungan Bintang\Jumlah Penduduk, Laju Pertumbuhan Penduduk, Distribusi Persentase Penduduk, Kepadatan Penduduk, Rasio Jenis Kelamin Penduduk Menurut Kecamatan di Kabupaten Pegunungan Bintang, 2024.xlsx",data\raw\Data Penduduk BPS\Papua Pegunungan\Kabupaten Pegunungan Bintang\data_penduduk_kabupate_001.xlsx
"data\raw\Data Penduduk BPS\Papua Pegunungan\Kabupaten Tolikara\Distribusi dan Kepadatan Penduduk di Kabupaten Tolikara menurut Distrik, 2014, 2014.xlsx",data\raw\Data Penduduk BPS\Papua Pegunungan\Kabupaten Tolikara\data_penduduk_kabupate_001.xlsx
"data\raw\Data Penduduk BPS\Papua Pegunungan\Kabupaten Yahukimo\Jumlah Penduduk, Laju Pertumbuhan Penduduk, Distribusi Persentase Penduduk, Kepadatan Penduduk, Rasio Jenis Kelamin Penduduk Menurut Kecamatan di Kabupaten Yahukimo, 2024.xlsx",data\raw\Data Penduduk BPS\Papua Pegunungan\Kabupaten Yahukimo\data_penduduk_kabupate_001.xlsx
"data\raw\Data Penduduk BPS\Papua Selatan\Kabupaten Asmat\Penduduk, Laju Pertumbuhan Penduduk, Distribusi Persentase Penduduk, Kepadatan Penduduk, Rasio Jenis Kelamin Penduduk Menurut Kecamatan di Kabupaten Asmat, 2023.xlsx",data\raw\Data Penduduk BPS\Papua Selatan\Kabupaten Asmat\data_penduduk_kabupate_001.xlsx
"data\raw\Data Penduduk BPS\Papua Selatan\Kabupaten Boven Digoel\Jumlah Penduduk, Laju Pertumbuhan Penduduk, Distribusi Persentase Penduduk, Kepadatan Penduduk, Rasio Jenis Kelamin Penduduk Menurut Kecamatan di Kabupaten Boven Digoel, 2024.xlsx",data\raw\Data Penduduk BPS\Papua Selatan\Kabupaten Boven Digoel\data_penduduk_kabupate_001.xlsx
"data\raw\Data Penduduk BPS\Papua Selatan\Kabupaten Mappi\Jumlah Penduduk, Laju Pertumbuhan Penduduk, Distribusi Persentase Penduduk, Kepadatan Penduduk, Rasio Jenis Kelamin Penduduk Menurut Kecamatan di Kabupaten Mappi, 2024.xlsx",data\raw\Data Penduduk BPS\Papua Selatan\Kabupaten Mappi\data_penduduk_kabupate_001.xlsx
"data\raw\Data Penduduk BPS\Papua Selatan\Kabupaten Merauke\Jumlah Penduduk, Laju Pertumbuhan Penduduk, Distribusi Persentase Penduduk, Kepadatan Penduduk, Rasio Jenis Kelamin Penduduk Menurut Kecamatan di Kabupaten Merauke, 2024.xlsx",data\raw\Data Penduduk BPS\Papua Selatan\Kabupaten Merauke\data_penduduk_kabupate_001.xlsx
"data\raw\Data Penduduk BPS\Papua Tengah\Kabupaen Deiyai\Jumlah Penduduk, Laju Pertumbuhan Penduduk, Distribusi Persentase Penduduk, Kepadatan Penduduk, Rasio Jenis Kelamin Penduduk Menurut Kecamatan di Kabupaten Deiyai, 2024.xlsx",data\raw\Data Penduduk BPS\Papua Tengah\Kabupaen Deiyai\data_penduduk_kabupate_001.xlsx
"data\raw\Data Penduduk BPS\Papua Tengah\Kabupaten Intan Jaya\Jumlah Penduduk, Laju Pertumbuhan Penduduk, Distribusi Persentase Penduduk, Kepadatan Penduduk, Rasio Jenis Kelamin Penduduk Menurut Kecamatan di Kabupaten Intan Jaya, 2024.xlsx",data\raw\Data Penduduk BPS\Papua Tengah\Kabupaten Intan Jaya\data_penduduk_kabupate_001.xlsx
"data\raw\Data Penduduk BPS\Papua Tengah\Kabupaten Mimika\Jumlah Penduduk Menurut Jenis Kelamin, 2024.xlsx",data\raw\Data Penduduk BPS\Papua Tengah\Kabupaten Mimika\data_penduduk_kabupate_001.xlsx
"data\raw\Data Penduduk BPS\Papua Tengah\Kabupaten Nabire\Jumlah Penduduk, Laju Pertumbuhan Penduduk, Distribusi Persentase Penduduk, Kepadatan Penduduk, Rasio Jenis Kelamin Penduduk Menurut Kecamatan di Kabupaten Nabire, 2024.xlsx",data\raw\Data Penduduk BPS\Papua Tengah\Kabupaten Nabire\data_penduduk_kabupate_001.xlsx
"data\raw\Data Penduduk BPS\Papua Tengah\Kabupaten Paniai\Jumlah Penduduk, Laju Pertumbuhan Penduduk, Distribusi Persentase Penduduk, Kepadatan Penduduk, Rasio Jenis Kelamin Penduduk Menurut Kecamatan di Kabupaten Paniai, 2024.xlsx",data\raw\Data Penduduk BPS\Papua Tengah\Kabupaten Paniai\data_penduduk_kabupate_001.xlsx
data\raw\Data Penduduk BPS\Papua Tengah\Kabupaten Puncak Jaya\jumlah-penduduk-dan-rasio-jenis-kelamin-menurut-distrik-di-kabupaten-puncak-jaya.xls,data\raw\Data Penduduk BPS\Papua Tengah\Kabupaten Puncak Jaya\data_penduduk_kabupate_001.xls
"data\raw\Data Penduduk BPS\Riau\Kabupaten Bengkalis\Penduduk, Laju Pertumbuhan Penduduk, Distribusi Persentase Penduduk Kepadatan Penduduk, Rasio Jenis Kelamin Penduduk Menurut Kecamatan di Kabupaten Bengkalis, 2025.xlsx",data\raw\Data Penduduk BPS\Riau\Kabupaten Bengkalis\data_penduduk_kabupate_001.xlsx
"data\raw\Data Penduduk BPS\Riau\Kabupaten Indragiri Hilir\Penduduk, Laju Pertumbuhan Penduduk, Distribusi Persentase Penduduk Kepadatan Penduduk, Rasio Jenis Kelamin Penduduk Menurut Kecamatan di Kabupaten Indragiri Hilir, 2024.xlsx",data\raw\Data Penduduk BPS\Riau\Kabupaten Indragiri Hilir\data_penduduk_kabupate_001.xlsx
"data\raw\Data Penduduk BPS\Riau\Kabupaten Indragiri Hulu\Jumlah Penduduk, Laju Pertumbuhan Penduduk, Distribusi Persentase Penduduk, Kepadatan Penduduk, Rasio Jenis Kelamin Penduduk Menurut Kecamatan di Kabupaten Indragiri Hulu, 2024.xlsx",data\raw\Data Penduduk BPS\Riau\Kabupaten Indragiri Hulu\data_penduduk_kabupate_001.xlsx
"data\raw\Data Penduduk BPS\Riau\Kabupaten Kampar\Jumlah Penduduk, Laju Pertumbuhan Penduduk, Distribusi Persentase Penduduk, Kepadatan Penduduk, Rasio Jenis Kelamin Penduduk Menurut Kecamatan di Kabupaten Kampar, 2024.xlsx",data\raw\Data Penduduk BPS\Riau\Kabupaten Kampar\data_penduduk_kabupate_001.xlsx
"data\raw\Data Penduduk BPS\Riau\Kabupaten Kepulauan Meranti\Penduduk, Laju Pertumbuhan Penduduk, Distribusi Persentase Penduduk Kepadatan Penduduk, Rasio Jenis Kelamin Penduduk Menurut Kecamatan di Kabupaten Kepulauan Meranti, 2023.xlsx",data\raw\Data Penduduk BPS\Riau\Kabupaten Kepulauan Meranti\data_penduduk_kabupate_001.xlsx
"data\raw\Data Penduduk BPS\Riau\Kabupaten Kuantan Singingi\Penduduk, Laju Pertumbuhan Penduduk, Distribusi Persentase Penduduk, Kepadatan Penduduk, Rasio Jenis Kelamin Penduduk Menurut Kecamatan di Kabupaten Kuantan Singingi, 2024.xlsx",data\raw\Data Penduduk BPS\Riau\Kabupaten Kuantan Singingi\data_penduduk_kabupate_001.xlsx
"data\raw\Data Penduduk BPS\Riau\Kabupaten Pelalawan\Penduduk, Laju Pertumbuhan Penduduk, Distribusi Persentase Penduduk Kepadatan Penduduk, Rasio Jenis Kelamin Penduduk Menurut Kecamatan di Kabupaten Pelalawan, 2024.xlsx",data\raw\Data Penduduk BPS\Riau\Kabupaten Pelalawan\data_penduduk_kabupate_001.xlsx
"data\raw\Data Penduduk BPS\Riau\Kabupaten Rokan Hilir\Penduduk, Laju Pertumbuhan Penduduk, Distribusi Persentase Penduduk Kepadatan Penduduk, Rasio Jenis Kelamin Penduduk Menurut Kecamatan di Kabupaten Rokan Hilir, 2024.xlsx",data\raw\Data Penduduk BPS\Riau\Kabupaten Rokan Hilir\data_penduduk_kabupate_001.xlsx
"data\raw\Data Penduduk BPS\Riau\Kabupaten Rokan Hulu\Penduduk, Laju Pertumbuhan Penduduk, Distribusi Persentase Penduduk Kepadatan Penduduk, Rasio Jenis Kelamin Penduduk Menurut Kecamatan di Kabupaten Rokan Hulu, 2024.xlsx",data\raw\Data Penduduk BPS\Riau\Kabupaten Rokan Hulu\data_penduduk_kabupate_001.xlsx
"data\raw\Data Penduduk BPS\Riau\Kabupaten Siak\Penduduk, Laju Pertumbuhan Penduduk, Distribusi Persentase Penduduk, Kepadatan Penduduk, Rasio Jenis Kelamin Penduduk Menurut Kecamatan di Kabupaten Siak, 2024.xlsx",data\raw\Data Penduduk BPS\Riau\Kabupaten Siak\data_penduduk_kabupate_001.xlsx
"data\raw\Data Penduduk BPS\Riau\Kota Dumai\Penduduk, Laju Pertumbuhan Penduduk, Distribusi Persentase Penduduk Kepadatan Penduduk, Rasio Jenis Kelamin Penduduk Menurut Kecamatan di Kota Dumai, 2024.xlsx",data\raw\Data Penduduk BPS\Riau\Kota Dumai\data_penduduk_kabupate_001.xlsx
"data\raw\Data Penduduk BPS\Riau\Kota Pekanbaru\Jumlah Penduduk, Laju Pertumbuhan Penduduk, Distribusi Persentase Penduduk, Kepadatan Penduduk, Rasio Jenis Kelamin Penduduk Menurut Kecamatan di Kota Pekanbaru, 2024.xlsx",data\raw\Data Penduduk BPS\Riau\Kota Pekanbaru\data_penduduk_kabupate_001.xlsx
"data\raw\Data Penduduk BPS\Sulawesi Barat\Kabuoaten Mamuju Tengah\Penduduk, Laju Pertumbuhan Penduduk, Distribusi Persentase Penduduk Kepadatan Penduduk, Rasio Jenis Kelamin Penduduk Menurut Kecamatan di Kabupaten Mamuju Tengah, 2024.xlsx",data\raw\Data Penduduk BPS\Sulawesi Barat\Kabuoaten Mamuju Tengah\data_penduduk_kabupate_001.xlsx
"data\raw\Data Penduduk BPS\Sulawesi Barat\Kabupaten Majene\Jumlah Penduduk, Laju Pertumbuhan Penduduk, Distribusi Persentase Penduduk, Kepadatan Penduduk, Rasio Jenis Kelamin Penduduk Menurut Kecamatan di Kabupaten Majene, 2024.xlsx",data\raw\Data Penduduk BPS\Sulawesi Barat\Kabupaten Majene\data_penduduk_kabupate_001.xlsx
"data\raw\Data Penduduk BPS\Sulawesi Barat\Kabupaten Mamasa\Penduduk, Laju Pertumbuhan Penduduk, Distribusi Persentase Penduduk, Kepadatan Penduduk, Rasio Jenis Kelamin Penduduk Menurut Kecamatan di Kabupaten Mamasa, 2024.xlsx",data\raw\Data Penduduk BPS\Sulawesi Barat\Kabupaten Mamasa\data_penduduk_kabupate_001.xlsx
"data\raw\Data Penduduk BPS\Sulawesi Barat\Kabupaten Mamuju\Penduduk, Laju Pertumbuhan Penduduk, Distribusi Persentase Penduduk, Kepadatan Penduduk, Rasio Jenis Kelamin Penduduk Menurut Kecamatan di Kabupaten Mamuju, 2024.xlsx",data\raw\Data Penduduk BPS\Sulawesi Barat\Kabupaten Mamuju\data_penduduk_kabupate_001.xlsx
"data\raw\Data Penduduk BPS\Sulawesi Barat\Kabupaten Pasangkayu\Penduduk, Laju Pertumbuhan Penduduk, Distribusi Persentase Penduduk Kepadatan Penduduk, Rasio Jenis Kelamin Penduduk Menurut Kecamatan di Kabupaten Pasangkayu, 2023.xlsx",data\raw\Data Penduduk BPS\Sulawesi Barat\Kabupaten Pasangkayu\data_penduduk_kabupate_001.xlsx
"data\raw\Data Penduduk BPS\Sulawesi Barat\Kabupaten Polewali Mandar\Jumlah Penduduk, Laju Pertumbuhan Penduduk, Distribusi Persentase Penduduk, Kepadatan Penduduk, Rasio Jenis Kelamin Penduduk Menurut Kecamatan di Kabupaten Polewali Mandar, 2024.xlsx",data\raw\Data Penduduk BPS\Sulawesi Barat\Kabupaten Polewali Mandar\data_penduduk_kabupate_001.xlsx
"data\raw\Data Penduduk BPS\Sulawesi Selatan\Kabupaten Balukumba\Penduduk, Laju Pertumbuhan Penduduk, Distribusi Persentase Penduduk Kepadatan Penduduk, Rasio Jenis Kelamin Penduduk Menurut Kecamatan di Kabupaten Bulukumba, 2020.xlsx",data\raw\Data Penduduk BPS\Sulawesi Selatan\Kabupaten Balukumba\data_penduduk_kabupate_001.xlsx
"data\raw\Data Penduduk BPS\Sulawesi Selatan\Kabupaten Bantaeng\Penduduk, Laju Pertumbuhan Penduduk, Distribusi Persentase Penduduk Kepadatan Penduduk, Rasio Jenis Kelamin Penduduk Menurut Kecamatan di Kabupaten Bantaeng, 2019.xlsx",data\raw\Data Penduduk BPS\Sulawesi Selatan\Kabupaten Bantaeng\data_penduduk_kabupate_001.xlsx
"data\raw\Data Penduduk BPS\Sulawesi Selatan\Kabupaten Barru\Penduduk, Laju Pertumbuhan Penduduk, Distribusi Persentase Penduduk, Kepadatan Penduduk, Rasio Jenis Kelamin Penduduk Menurut Kecamatan di Kabupaten Barru, 2024.xlsx",data\raw\Data Penduduk BPS\Sulawesi Selatan\Kabupaten Barru\data_penduduk_kabupate_001.xlsx
"data\raw\Data Penduduk BPS\Sulawesi Selatan\Kabupaten Bone\Penduduk, Laju Pertumbuhan Penduduk, Distribusi Persentase Penduduk, Kepadatan Penduduk, Rasio Jenis Kelamin Penduduk Menurut Kecamatan di Kabupaten Bone, 2025.xlsx",data\raw\Data Penduduk BPS\Sulawesi Selatan\Kabupaten Bone\data_penduduk_kabupate_001.xlsx
"data\raw\Data Penduduk BPS\Sulawesi Selatan\Kabupaten Enrekang\Jumlah Penduduk, Laju Pertumbuhan Penduduk, Distribusi Persentase Penduduk, Kepadatan Penduduk, Rasio Jenis Kelamin Penduduk Menurut Kecamatan di Kabupaten Enrekang, 2025.xlsx",data\raw\Data Penduduk BPS\Sulawesi Selatan\Kabupaten Enrekang\data_penduduk_kabupate_001.xlsx
"data\raw\Data Penduduk BPS\Sulawesi Selatan\Kabupaten Gowa\Jumlah Penduduk, Laju Pertumbuhan Penduduk, Distribusi Persentase Penduduk, Kepadatan Penduduk, Rasio Jenis Kelamin Penduduk Menurut Kecamatan di Kabupaten Gowa, 2024.xlsx",data\raw\Data Penduduk BPS\Sulawesi Selatan\Kabupaten Gowa\data_penduduk_kabupate_001.xlsx
"data\raw\Data Penduduk BPS\Sulawesi Selatan\Kabupaten Jeneponto\Penduduk, Laju Pertumbuhan Penduduk, Distribusi Persentase Penduduk Kepadatan Penduduk, Rasio Jenis Kelamin Penduduk Menurut Kecamatan di Kabupaten Jeneponto, 2025.xlsx",data\raw\Data Penduduk BPS\Sulawesi Selatan\Kabupaten Jeneponto\data_penduduk_kabupate_001.xlsx
"data\raw\Data Penduduk BPS\Sulawesi Selatan\Kabupaten Kepulauan Selayar\Penduduk, Laju Pertumbuhan Penduduk, Distribusi Persentase Penduduk, Kepadatan Penduduk, Rasio Jenis Kelamin Penduduk Menurut Kecamatan di Kabupaten Kepulauan Selayar, 2024.xlsx",data\raw\Data Penduduk BPS\Sulawesi Selatan\Kabupaten Kepulauan Selayar\data_penduduk_kabupate_001.xlsx
"data\raw\Data Penduduk BPS\Sulawesi Selatan\Kabupaten Luwu\Jumlah Penduduk, Laju Pertumbuhan Penduduk, Distribusi Persentase Penduduk, Kepadatan Penduduk, Rasio Jenis Kelamin Penduduk Menurut Kecamatan di Kabupaten Luwu, 2024.xlsx",data\raw\Data Penduduk BPS\Sulawesi Selatan\Kabupaten Luwu\data_penduduk_kabupate_001.xlsx
"data\raw\Data Penduduk BPS\Sulawesi Selatan\Kabupaten Luwu Timur\Penduduk, Laju Pertumbuhan Penduduk, Distribusi Persentase Penduduk Kepadatan Penduduk, Rasio Jenis Kelamin Penduduk Menurut Kecamatan di Kabupaten Luwu Timur, 2025.xlsx",data\raw\Data Penduduk BPS\Sulawesi Selatan\Kabupaten Luwu Timur\data_penduduk_kabupate_001.xlsx
"data\raw\Data Penduduk BPS\Sulawesi Selatan\Kabupaten Luwu Utara\Jumlah Penduduk, Laju Pertumbuhan Penduduk, Distribusi Persentase Penduduk, Kepadatan Penduduk, Rasio Jenis Kelamin Penduduk Menurut Kecamatan di Kabupaten Luwu Utara, 2024.xlsx",data\raw\Data Penduduk BPS\Sulawesi Selatan\Kabupaten Luwu Utara\data_penduduk_kabupate_001.xlsx
"data\raw\Data Penduduk BPS\Sulawesi Selatan\Kabupaten Maros\Penduduk, Laju Pertumbuhan Penduduk, Distribusi Persentase Penduduk Kepadatan Penduduk, Rasio Jenis Kelamin Penduduk Menurut Kecamatan di Kabupaten Maros, 2020.xlsx",data\raw\Data Penduduk BPS\Sulawesi Selatan\Kabupaten Maros\data_penduduk_kabupate_001.xlsx
"data\raw\Data Penduduk BPS\Sulawesi Selatan\Kabupaten Pagkajene Kepulauan\Penduduk, Laju Pertumbuhan Penduduk, Distribusi Persentase Penduduk Kepadatan Penduduk, Rasio Jenis Kelamin Penduduk Menurut Kecamatan di Kabupaten Pangkajene Dan Kepulauan, 2020.xlsx",data\raw\Data Penduduk BPS\Sulawesi Selatan\Kabupaten Pagkajene Kepulauan\data_penduduk_kabupate_001.xlsx
"data\raw\Data Penduduk BPS\Sulawesi Selatan\Kabupaten Pinrang\Penduduk, Laju Pertumbuhan Penduduk, Distribusi Persentase Penduduk Kepadatan Penduduk, Rasio Jenis Kelamin Penduduk Menurut Kecamatan di Kabupaten Pinrang, 2024.xlsx",data\raw\Data Penduduk BPS\Sulawesi Selatan\Kabupaten Pinrang\data_penduduk_kabupate_001.xlsx
"data\raw\Data Penduduk BPS\Sulawesi Selatan\Kabupaten Sidenreng Rappang\Penduduk, Laju Pertumbuhan Penduduk, Distribusi Persentase Penduduk Kepadatan Penduduk, Rasio Jenis Kelamin Penduduk Menurut Kecamatan di Kabupaten Sidenreng Rappang, 2024.xlsx",data\raw\Data Penduduk BPS\Sulawesi Selatan\Kabupaten Sidenreng Rappang\data_penduduk_kabupate_001.xlsx
"data\raw\Data Penduduk BPS\Sulawesi Selatan\Kabupaten Sinjai\Penduduk, Laju Pertumbuhan Penduduk, Distribusi Persentase Penduduk, Kepadatan Penduduk, Rasio Jenis Kelamin Penduduk Menurut Kecamatan di Kabupaten Sinjai, 2023.xlsx",data\raw\Data Penduduk BPS\Sulawesi Selatan\Kabupaten Sinjai\data_penduduk_kabupate_001.xlsx
"data\raw\Data Penduduk BPS\Sulawesi Selatan\Kabupaten Soppeng\Jumlah Penduduk, Laju Pertumbuhan Penduduk, Distribusi Persentase Penduduk, Kepadatan Penduduk, Rasio Jenis Kelamin Penduduk Menurut Kecamatan di Kabupaten Soppeng, 2024.xlsx",data\raw\Data Penduduk BPS\Sulawesi Selatan\Kabupaten Soppeng\data_penduduk_kabupate_001.xlsx
"data\raw\Data Penduduk BPS\Sulawesi Selatan\Kabupaten Takalar\Penduduk, Laju Pertumbuhan Penduduk, Distribusi Persentase Penduduk Kepadatan Penduduk, Rasio Jenis Kelamin Penduduk Menurut Kecamatan di Kabupaten Takalar, 2024.xlsx",data\raw\Data Penduduk BPS\Sulawesi Selatan\Kabupaten Takalar\data_penduduk_kabupate_001.xlsx
"data\raw\Data Penduduk BPS\Sulawesi Selatan\Kabupaten Tana Toraja\Jumlah Penduduk, Laju Pertumbuhan Penduduk, Distribusi Persentase Penduduk, Kepadatan Penduduk, Rasio Jenis Kelamin Penduduk Menurut Kecamatan di Kabupaten Tana Toraja, 2024.xlsx",data\raw\Data Penduduk BPS\Sulawesi Selatan\Kabupaten Tana Toraja\data_penduduk_kabupate_001.xlsx
"data\raw\Data Penduduk BPS\Sulawesi Selatan\Kabupaten Toraja Utara\Penduduk, Laju Pertumbuhan Penduduk, Distribusi Persentase Penduduk, Kepadatan Penduduk, Rasio Jenis Kelamin Penduduk Menurut Kecamatan di Kabupaten Toraja Utara, 2023.xlsx",data\raw\Data Penduduk BPS\Sulawesi Selatan\Kabupaten Toraja Utara\data_penduduk_kabupate_001.xlsx
"data\raw\Data Penduduk BPS\Sulawesi Selatan\Kabupaten Wajo\Penduduk, Laju Pertumbuhan Penduduk, Distribusi Persentase Penduduk Kepadatan Penduduk, Rasio Jenis Kelamin Penduduk Menurut Kecamatan di Kabupaten Wajo, 2024.xlsx",data\raw\Data Penduduk BPS\Sulawesi Selatan\Kabupaten Wajo\data_penduduk_kabupate_001.xlsx
"data\raw\Data Penduduk BPS\Sulawesi Selatan\Kota Makassar\Penduduk, Laju Pertumbuhan Penduduk, Distribusi Persentase Penduduk Kepadatan Penduduk, Rasio Jenis Kelamin Penduduk Menurut Kecamatan di Kota Makassar, 2024.xlsx",data\raw\Data Penduduk BPS\Sulawesi Selatan\Kota Makassar\data_penduduk_kabupate_001.xlsx
"data\raw\Data Penduduk BPS\Sulawesi Selatan\Kota Palopo\Penduduk, Laju Pertumbuhan Penduduk, Distribusi Persentase Penduduk Kepadatan Penduduk, Rasio Jenis Kelamin Penduduk Menurut Kecamatan di Kota Palopo, 2024.xlsx",data\raw\Data Penduduk BPS\Sulawesi Selatan\Kota Palopo\data_penduduk_kabupate_001.xlsx
"data\raw\Data Penduduk BPS\Sulawesi Selatan\Kota Parepare\Jumlah Penduduk, Laju Pertumbuhan Penduduk, Distribusi Persentase Penduduk, Kepadatan Penduduk, Rasio Jenis Kelamin Penduduk Menurut Kecamatan di Kota Parepare, 2024.xlsx",data\raw\Data Penduduk BPS\Sulawesi Selatan\Kota Parepare\data_penduduk_kabupate_001.xlsx
"data\raw\Data Penduduk BPS\Sulawesi Tengah\Kabupaten Banggai\Penduduk, Laju Pertumbuhan Penduduk, Distribusi Persentase Penduduk, Kepadatan Penduduk, Rasio Jenis Kelamin Penduduk Menurut Kecamatan di Kabupaten Banggai, 2024.xlsx",data\raw\Data Penduduk BPS\Sulawesi Tengah\Kabupaten Banggai\data_penduduk_kabupate_001.xlsx
"data\raw\Data Penduduk BPS\Sulawesi Tengah\Kabupaten Banggai Kepulauan\Penduduk, Laju Pertumbuhan Penduduk, Distribusi Persentase Penduduk Kepadatan Penduduk, Rasio Jenis Kelamin Penduduk Menurut Kecamatan di Kabupaten Banggai Kepulauan, 2025.xlsx",data\raw\Data Penduduk BPS\Sulawesi Tengah\Kabupaten Banggai Kepulauan\data_penduduk_kabupate_001.xlsx
"data\raw\Data Penduduk BPS\Sulawesi Tengah\Kabupaten Banggai Laut\Penduduk, Laju Pertumbuhan Penduduk, Distribusi Persentase Penduduk Kepadatan Penduduk, Rasio Jenis Kelamin Penduduk Menurut Kecamatan di Kabupaten Banggai Laut, 2023.xlsx",data\raw\Data Penduduk BPS\Sulawesi Tengah\Kabupaten Banggai Laut\data_penduduk_kabupate_001.xlsx
"data\raw\Data Penduduk BPS\Sulawesi Tengah\Kabupaten Buol\Jumlah Penduduk, Laju Pertumbuhan Penduduk, Distribusi Persentase Penduduk, Kepadatan Penduduk, Rasio Jenis Kelamin Penduduk Menurut Kecamatan di Kabupaten Buol, 2024.xlsx",data\raw\Data Penduduk BPS\Sulawesi Tengah\Kabupaten Buol\data_penduduk_kabupate_001.xlsx
"data\raw\Data Penduduk BPS\Sulawesi Tengah\Kabupaten Donggala\Penduduk, Laju Pertumbuhan Penduduk, Distribusi Persentase Penduduk Kepadatan Penduduk, Rasio Jenis Kelamin Penduduk Menurut Kecamatan di Kabupaten Donggala, 2024.xlsx",data\raw\Data Penduduk BPS\Sulawesi Tengah\Kabupaten Donggala\data_penduduk_kabupate_001.xlsx
"data\raw\Data Penduduk BPS\Sulawesi Tengah\Kabupaten Morowali\Penduduk, Laju Pertumbuhan Penduduk, Distribusi Persentase Penduduk, Kepadatan Penduduk, Rasio Jenis Kelamin Penduduk Menurut Kecamatan di Kabupaten Morowali, 2023.xlsx",data\raw\Data Penduduk BPS\Sulawesi Tengah\Kabupaten Morowali\data_penduduk_kabupate_001.xlsx
"data\raw\Data Penduduk BPS\Sulawesi Tengah\Kabupaten Morowali Utara\Penduduk, Laju Pertumbuhan Penduduk, Distribusi Persentase Penduduk, Kepadatan Penduduk, Rasio Jenis Kelamin Penduduk Menurut Kecamatan di Kabupaten Morowali Utara, 2024.xlsx",data\raw\Data Penduduk BPS\Sulawesi Tengah\Kabupaten Morowali Utara\data_penduduk_kabupate_001.xlsx
"data\raw\Data Penduduk BPS\Sulawesi Tengah\Kabupaten Parigi Mouton\Jumlah Penduduk, Laju Pertumbuhan Penduduk, Distribusi Persentase Penduduk, Kepadatan Penduduk, Rasio Jenis Kelamin Penduduk Menurut Kecamatan di Kabupaten Parigi Moutong, 2025.xlsx",data\raw\Data Penduduk BPS\Sulawesi Tengah\Kabupaten Parigi Mouton\data_penduduk_kabupate_001.xlsx
"data\raw\Data Penduduk BPS\Sulawesi Tengah\Kabupaten Poso\Jumlah Penduduk, Laju Pertumbuhan Penduduk, Distribusi Persentase Penduduk, Kepadatan Penduduk, Rasio Jenis Kelamin Penduduk Menurut Kecamatan di Kabupaten Poso, 2024.xlsx",data\raw\Data Penduduk BPS\Sulawesi Tengah\Kabupaten Poso\data_penduduk_kabupate_001.xlsx
"data\raw\Data Penduduk BPS\Sulawesi Tengah\Kabupaten Sigi\Penduduk, Laju Pertumbuhan Penduduk, Distribusi Persentase Penduduk, Kepadatan Penduduk, Rasio Jenis Kelamin Penduduk Menurut Kecamatan di Kabupaten Sigi, 2025.xlsx",data\raw\Data Penduduk BPS\Sulawesi Tengah\Kabupaten Sigi\data_penduduk_kabupate_001.xlsx
"data\raw\Data Penduduk BPS\Sulawesi Tengah\Kabupaten Tojo Una-Una\Penduduk, Laju Pertumbuhan Penduduk, Distribusi Persentase Penduduk Kepadatan Penduduk, Rasio Jenis Kelamin Penduduk Menurut Kecamatan di Kabupaten Tojo Una-Una, 2024.xlsx",data\raw\Data Penduduk BPS\Sulawesi Tengah\Kabupaten Tojo Una-Una\data_penduduk_kabupate_001.xlsx
"data\raw\Data Penduduk BPS\Sulawesi Tengah\Kabupaten Tolitoli\Penduduk, Laju Pertumbuhan Penduduk, Distribusi Persentase Penduduk, Rasio Jenis Kelamin Penduduk Menurut Kecamatan di Kabupaten Tolitoli, 2023.xlsx",data\raw\Data Penduduk BPS\Sulawesi Tengah\Kabupaten Tolitoli\data_penduduk_kabupate_001.xlsx
"data\raw\Data Penduduk BPS\Sulawesi Tengah\Kota Palu\Penduduk, Laju Pertumbuhan Penduduk, Distribusi Persentase Penduduk Kepadatan Penduduk, Rasio Jenis Kelamin Penduduk Menurut Kecamatan di Kota Palu, 2024.xlsx",data\raw\Data Penduduk BPS\Sulawesi Tengah\Kota Palu\data_penduduk_kabupate_001.xlsx
"data\raw\Data Penduduk BPS\Sulawesi Tenggara\Kabupaten Bombana\Penduduk, Laju Pertumbuhan Penduduk, Distribusi Persentase Penduduk Kepadatan Penduduk, Rasio Jenis Kelamin Penduduk Menurut Kecamatan di Kabupaten Bombana, 2024.xlsx",data\raw\Data Penduduk BPS\Sulawesi Tenggara\Kabupaten Bombana\data_penduduk_kabupate_001.xlsx
"data\raw\Data Penduduk BPS\Sulawesi Tenggara\Kabupaten Buton\Jumlah Penduduk, Laju Pertumbuhan Penduduk, Distribusi Persentase Penduduk, Kepadatan Penduduk, Rasio Jenis Kelamin Penduduk Menurut Kecamatan di Kabupaten Buton, 2024.xlsx",data\raw\Data Penduduk BPS\Sulawesi Tenggara\Kabupaten Buton\data_penduduk_kabupate_001.xlsx
"data\raw\Data Penduduk BPS\Sulawesi Tenggara\Kabupaten Buton Selatan\Penduduk, Laju Pertumbuhan Penduduk, Distribusi Persentase Penduduk Kepadatan Penduduk, Rasio Jenis Kelamin Penduduk Menurut Kecamatan di Kabupaten Buton Selatan, 2024.xlsx",data\raw\Data Penduduk BPS\Sulawesi Tenggara\Kabupaten Buton Selatan\data_penduduk_kabupate_001.xlsx
"data\raw\Data Penduduk BPS\Sulawesi Tenggara\Kabupaten Buton Tengah\Jumlah Penduduk, Laju Pertumbuhan Penduduk, Distribusi Persentase Penduduk, Kepadatan Penduduk, Rasio Jenis Kelamin Penduduk Menurut Kecamatan di Kabupaten Buton Tengah, 2024.xlsx",data\raw\Data Penduduk BPS\Sulawesi Tenggara\Kabupaten Buton Tengah\data_penduduk_kabupate_001.xlsx
"data\raw\Data Penduduk BPS\Sulawesi Tenggara\Kabupaten Buton Utara\Penduduk, Laju Pertumbuhan Penduduk, Distribusi Persentase Penduduk, Kepadatan Penduduk, Rasio Jenis Kelamin Penduduk Menurut Kecamatan di Kabupaten Buton Utara, 2024.xlsx",data\raw\Data Penduduk BPS\Sulawesi Tenggara\Kabupaten Buton Utara\data_penduduk_kabupate_001.xlsx
"data\raw\Data Penduduk BPS\Sulawesi Tenggara\Kabupaten Kolaka\Penduduk, Laju Pertumbuhan Penduduk, Distribusi Persentase Penduduk Kepadatan Penduduk, Rasio Jenis Kelamin Penduduk Menurut Kecamatan di Kabupaten Kolaka, 2024.xlsx",data\raw\Data Penduduk BPS\Sulawesi Tenggara\Kabupaten Kolaka\data_penduduk_kabupate_001.xlsx
"data\raw\Data Penduduk BPS\Sulawesi Tenggara\Kabupaten Kolaka Timur\Penduduk, Laju Pertumbuhan Penduduk, Distribusi Persentase Penduduk, Kepadatan Penduduk, Rasio Jenis Kelamin Penduduk Menurut Kecamatan di Kabupaten Kolaka Timur, 2024.xlsx",data\raw\Data Penduduk BPS\Sulawesi Tenggara\Kabupaten Kolaka Timur\data_penduduk_kabupate_001.xlsx
"data\raw\Data Penduduk BPS\Sulawesi Tenggara\Kabupaten Kolaka Utara\Penduduk, Laju Pertumbuhan Penduduk, Distribusi Persentase Penduduk Kepadatan Penduduk, Rasio Jenis Kelamin Penduduk Menurut Kecamatan di Kabupaten Kolaka Utara, 2024.xlsx",data\raw\Data Penduduk BPS\Sulawesi Tenggara\Kabupaten Kolaka Utara\data_penduduk_kabupate_001.xlsx
"data\raw\Data Penduduk BPS\Sulawesi Tenggara\Kabupaten Konawe\Jumlah Penduduk, Laju Pertumbuhan Penduduk, Distribusi Persentase Penduduk, Kepadatan Penduduk, Rasio Jenis Kelamin Penduduk Menurut Kecamatan di Kabupaten Konawe, 2025.xlsx",data\raw\Data Penduduk BPS\Sulawesi Tenggara\Kabupaten Konawe\data_penduduk_kabupate_001.xlsx
"data\raw\Data Penduduk BPS\Sulawesi Tenggara\Kabupaten Konawe Kepulauan\Penduduk, Laju Pertumbuhan Penduduk, Distribusi Persentase Penduduk Kepadatan Penduduk, Rasio Jenis Kelamin Penduduk Menurut Kecamatan di Kabupaten Konawe Kepulauan, 2024.xlsx",data\raw\Data Penduduk BPS\Sulawesi Tenggara\Kabupaten Konawe Kepulauan\data_penduduk_kabupate_001.xlsx
"data\raw\Data Penduduk BPS\Sulawesi Tenggara\Kabupaten Konawe Selatan\Penduduk, Laju Pertumbuhan Penduduk, Distribusi Persentase Penduduk Kepadatan Penduduk, Rasio Jenis Kelamin Penduduk Menurut Kecamatan di Kabupaten Konawe Selatan, 2025.xlsx",data\raw\Data Penduduk BPS\Sulawesi Tenggara\Kabupaten Konawe Selatan\data_penduduk_kabupate_001.xlsx
"data\raw\Data Penduduk BPS\Sulawesi Tenggara\Kabupaten Konawe Utara\Penduduk, Laju Pertumbuhan Penduduk, Distribusi Persentase Penduduk Kepadatan Penduduk, Rasio Jenis Kelamin Penduduk Menurut Kecamatan di Kabupaten Konawe Utara, 2024.xlsx",data\raw\Data Penduduk BPS\Sulawesi Tenggara\Kabupaten Konawe Utara\data_penduduk_kabupate_001.xlsx
"data\raw\Data Penduduk BPS\Sulawesi Tenggara\Kabupaten Muna\Penduduk, Laju Pertumbuhan Penduduk, Distribusi Persentase Penduduk Kepadatan Penduduk, Rasio Jenis Kelamin Penduduk Menurut Kecamatan di Kabupaten Muna, 2023.xlsx",data\raw\Data Penduduk BPS\Sulawesi Tenggara\Kabupaten Muna\data_penduduk_kabupate_001.xlsx
"data\raw\Data Penduduk BPS\Sulawesi Tenggara\Kabupaten Muna Barat\Penduduk, Laju Pertumbuhan Penduduk, Distribusi Persentase Penduduk, Kepadatan Penduduk, Rasio Jenis Kelamin Penduduk Menurut Kecamatan di Kabupaten Muna Barat, 2022.xlsx",data\raw\Data Penduduk BPS\Sulawesi Tenggara\Kabupaten Muna Barat\data_penduduk_kabupate_001.xlsx
"data\raw\Data Penduduk BPS\Sulawesi Tenggara\Kabupaten Wakatobi\Penduduk, Laju Pertumbuhan Penduduk, Distribusi Persentase Penduduk Kepadatan Penduduk, Rasio Jenis Kelamin Penduduk Menurut Kecamatan di Kabupaten Wakatobi, 2025.xlsx",data\raw\Data Penduduk BPS\Sulawesi Tenggara\Kabupaten Wakatobi\data_penduduk_kabupate_001.xlsx
"data\raw\Data Penduduk BPS\Sulawesi Tenggara\Kota Baubau\Jumlah Penduduk, Laju Pertumbuhan Penduduk, Distribusi Persentase Penduduk, Kepadatan Penduduk, Rasio Jenis Kelamin Penduduk Menurut Kecamatan di Kota Baubau, 2024.xlsx",data\raw\Data Penduduk BPS\Sulawesi Tenggara\Kota Baubau\data_penduduk_kabupate_001.xlsx
data\raw\Data Penduduk BPS\Sulawesi Tenggara\Kota Kendari\penduduk.xls,data\raw\Data Penduduk BPS\Sulawesi Tenggara\Kota Kendari\data_penduduk_kabupate_001.xls
"data\raw\Data Penduduk BPS\Sulawesi Utara\Kabupaten Bolaang Mongondow\Penduduk, Laju Pertumbuhan Penduduk, Distribusi Persentase Penduduk Kepadatan Penduduk, Rasio Jenis Kelamin Penduduk Menurut Kecamatan di Kabupaten Bolaang Mongondow, 2024.xlsx",data\raw\Data Penduduk BPS\Sulawesi Utara\Kabupaten Bolaang Mongondow\data_penduduk_kabupate_001.xlsx
"data\raw\Data Penduduk BPS\Sulawesi Utara\Kabupaten Bolaang Mongondow Selatan\Penduduk, Laju Pertumbuhan Penduduk, Distribusi Persentase Penduduk Kepadatan Penduduk, Rasio Jenis Kelamin Penduduk Menurut Kecamatan di Kabupaten Bolaang Mongondow Selatan, 2025.xlsx",data\raw\Data Penduduk BPS\Sulawesi Utara\Kabupaten Bolaang Mongondow Selatan\data_penduduk_kabupate_001.xlsx
"data\raw\Data Penduduk BPS\Sulawesi Utara\Kabupaten Bolaang Mongondow Timur\Penduduk, Laju Pertumbuhan Penduduk, Distribusi Persentase Penduduk Kepadatan Penduduk, Rasio Jenis Kelamin Penduduk Menurut Kecamatan di Kabupaten Bolaang Mongondow Timur, 2024.xlsx",data\raw\Data Penduduk BPS\Sulawesi Utara\Kabupaten Bolaang Mongondow Timur\data_penduduk_kabupate_001.xlsx
"data\raw\Data Penduduk BPS\Sulawesi Utara\Kabupaten Bolaang Mongondow Utara\Penduduk, Laju Pertumbuhan Penduduk, Distribusi Persentase Penduduk Kepadatan Penduduk, Rasio Jenis Kelamin Penduduk Menurut Kecamatan di Kabupaten Bolaang Mongondow Utara, 2024.xlsx",data\raw\Data Penduduk BPS\Sulawesi Utara\Kabupaten Bolaang Mongondow Utara\data_penduduk_kabupate_001.xlsx
"data\raw\Data Penduduk BPS\Sulawesi Utara\Kabupaten Kepulauan Sangihe\Penduduk, Laju Pertumbuhan Penduduk, Distribusi Persentase Penduduk Kepadatan Penduduk, Rasio Jenis Kelamin Penduduk Menurut Kecamatan di Kabupaten Kepulauan Sangihe, 2022.xlsx",data\raw\Data Penduduk BPS\Sulawesi Utara\Kabupaten Kepulauan Sangihe\data_penduduk_kabupate_001.xlsx
"data\raw\Data Penduduk BPS\Sulawesi Utara\Kabupaten Kepulauan Siau Tagulandang BIaro\Penduduk, Laju Pertumbuhan Penduduk, Distribusi Persentase Penduduk, Kepadatan Penduduk, Rasio Jenis Kelamin Penduduk Menurut Kecamatan di Kabupaten Siau Tagulandang Biaro, 2024.xlsx",data\raw\Data Penduduk BPS\Sulawesi Utara\Kabupaten Kepulauan Siau Tagulandang BIaro\data_penduduk_kabupate_001.xlsx
"data\raw\Data Penduduk BPS\Sulawesi Utara\Kabupaten Kepulauan Talaud\Penduduk, Laju Pertumbuhan Penduduk, Distribusi Persentase Penduduk Kepadatan Penduduk, Rasio Jenis Kelamin Penduduk Menurut Kecamatan di Kabupaten Kepulauan Talaud, 2025.xlsx",data\raw\Data Penduduk BPS\Sulawesi Utara\Kabupaten Kepulauan Talaud\data_penduduk_kabupate_001.xlsx
"data\raw\Data Penduduk BPS\Sulawesi Utara\Kabupaten Minahasa\Penduduk, Laju Pertumbuhan Penduduk, Distribusi Persentase Penduduk, Kepadatan Penduduk, Rasio Jenis Kelamin Penduduk Menurut Kecamatan di Kabupaten Minahasa, 2024.xlsx",data\raw\Data Penduduk BPS\Sulawesi Utara\Kabupaten Minahasa\data_penduduk_kabupate_001.xlsx
"data\raw\Data Penduduk BPS\Sulawesi Utara\Kabupaten Minahasa Selatan\Penduduk, Laju Pertumbuhan Penduduk, Distribusi Persentase Penduduk Kepadatan Penduduk, Rasio Jenis Kelamin Penduduk Menurut Kecamatan di Kabupaten Minahasa Selatan, 2024.xlsx",data\raw\Data Penduduk BPS\Sulawesi Utara\Kabupaten Minahasa Selatan\data_penduduk_kabupate_001.xlsx
"data\raw\Data Penduduk BPS\Sulawesi Utara\Kabupaten Minahasa Tenggara\Penduduk, Laju Pertumbuhan Penduduk, Distribusi Persentase Penduduk Kepadatan Penduduk, Rasio Jenis Kelamin Penduduk Menurut Kecamatan di Kabupaten Minahasa Tenggara, 2024.xlsx",data\raw\Data Penduduk BPS\Sulawesi Utara\Kabupaten Minahasa Tenggara\data_penduduk_kabupate_001.xlsx
"data\raw\Data Penduduk BPS\Sulawesi Utara\Kabupaten Minahasa Utara\Penduduk, Laju Pertumbuhan Penduduk, Distribusi Persentase Penduduk Kepadatan Penduduk, Rasio Jenis Kelamin Penduduk Menurut Kecamatan di Kabupaten Minahasa Utara, 2025.xlsx",data\raw\Data Penduduk BPS\Sulawesi Utara\Kabupaten Minahasa Utara\data_penduduk_kabupate_001.xlsx
"data\raw\Data Penduduk BPS\Sulawesi Utara\Kota Bitung\Penduduk, Laju Pertumbuhan Penduduk, Distribusi Persentase Penduduk Kepadatan Penduduk, Rasio Jenis Kelamin Penduduk Menurut Kecamatan di Kota Bitung, 2025.xlsx",data\raw\Data Penduduk BPS\Sulawesi Utara\Kota Bitung\data_penduduk_kabupate_001.xlsx
"data\raw\Data Penduduk BPS\Sulawesi Utara\Kota Kotamobagu\Penduduk, Laju Pertumbuhan Penduduk, Distribusi Persentase Penduduk Kepadatan Penduduk, Rasio Jenis Kelamin Penduduk Menurut Kecamatan di Kota Kotamobagu, 2024.xlsx",data\raw\Data Penduduk BPS\Sulawesi Utara\Kota Kotamobagu\data_penduduk_kabupate_001.xlsx
"data\raw\Data Penduduk BPS\Sulawesi Utara\Kota Manado\Penduduk, Laju Pertumbuhan Penduduk, Distribusi Persentase Penduduk, Kepadatan Penduduk, Rasio Jenis Kelamin Penduduk Menurut Kecamatan di Kota Manado, 2023.xlsx",data\raw\Data Penduduk BPS\Sulawesi Utara\Kota Manado\data_penduduk_kabupate_001.xlsx
"data\raw\Data Penduduk BPS\Sulawesi Utara\Kota Tomohon\Penduduk, Laju Pertumbuhan Penduduk, Distribusi Persentase Penduduk, Kepadatan Penduduk, Rasio Jenis Kelamin Penduduk Menurut Kecamatan di Kota Tomohon, 2024.xlsx",data\raw\Data Penduduk BPS\Sulawesi Utara\Kota Tomohon\data_penduduk_kabupate_001.xlsx
"data\raw\Data Penduduk BPS\Sumatera Barat\Kabupaten Agam\Penduduk, Laju Pertumbuhan Penduduk, Distribusi Persentase Penduduk, Kepadatan Penduduk, Rasio Jenis Kelamin Penduduk Menurut Kecamatan di Kabupaten Agam, 2025.xlsx",data\raw\Data Penduduk BPS\Sumatera Barat\Kabupaten Agam\data_penduduk_kabupate_001.xlsx
"data\raw\Data Penduduk BPS\Sumatera Barat\Kabupaten Dharmasraya\Penduduk, Laju Pertumbuhan Penduduk, Distribusi Persentase Penduduk, Kepadatan Penduduk, Rasio Jenis Kelamin Penduduk Menurut Kecamatan di Kabupaten Dharmasraya, 2024.xlsx",data\raw\Data Penduduk BPS\Sumatera Barat\Kabupaten Dharmasraya\data_penduduk_kabupate_001.xlsx
"data\raw\Data Penduduk BPS\Sumatera Barat\Kabupaten Kepulauan Mentawi\Penduduk, Laju Pertumbuhan Penduduk, Distribusi Persentase Penduduk, Kepadatan Penduduk, Rasio Jenis Kelamin Penduduk Menurut Kecamatan di Kabupaten Kepulauan Mentawai, 2024.xlsx",data\raw\Data Penduduk BPS\Sumatera Barat\Kabupaten Kepulauan Mentawi\data_penduduk_kabupate_001.xlsx
"data\raw\Data Penduduk BPS\Sumatera Barat\Kabupaten Lima Puluh Kota\Penduduk, Laju Pertumbuhan Penduduk, Distribusi Persentase Penduduk Kepadatan Penduduk, Rasio Jenis Kelamin Penduduk Menurut Kecamatan di Kabupaten Lima Puluh Kota, 2025.xlsx",data\raw\Data Penduduk BPS\Sumatera Barat\Kabupaten Lima Puluh Kota\data_penduduk_kabupate_001.xlsx
"data\raw\Data Penduduk BPS\Sumatera Barat\Kabupaten Padang Pariaman\Penduduk, Laju Pertumbuhan Penduduk, Distribusi Persentase Penduduk Kepadatan Penduduk, Rasio Jenis Kelamin Penduduk Menurut Kecamatan di Kabupaten Padang Pariaman, 2025.xlsx",data\raw\Data Penduduk BPS\Sumatera Barat\Kabupaten Padang Pariaman\data_penduduk_kabupate_001.xlsx
"data\raw\Data Penduduk BPS\Sumatera Barat\Kabupaten Pasaman\Penduduk, Laju Pertumbuhan Penduduk, Distribusi Persentase Penduduk Kepadatan Penduduk, Rasio Jenis Kelamin Penduduk Menurut Kecamatan di Kabupaten Pasaman, 2025.xlsx",data\raw\Data Penduduk BPS\Sumatera Barat\Kabupaten Pasaman\data_penduduk_kabupate_001.xlsx
"data\raw\Data Penduduk BPS\Sumatera Barat\Kabupaten Pasaman Barat\Penduduk, Laju Pertumbuhan Penduduk, Distribusi Persentase Penduduk Kepadatan Penduduk, Rasio Jenis Kelamin Penduduk Menurut Kecamatan di Kabupaten Pasaman Barat, 2025.xlsx",data\raw\Data Penduduk BPS\Sumatera Barat\Kabupaten Pasaman Barat\data_penduduk_kabupate_001.xlsx
"data\raw\Data Penduduk BPS\Sumatera Barat\Kabupaten Pesisir Selatan\Penduduk, Laju Pertumbuhan Penduduk, Distribusi Persentase Penduduk Kepadatan Penduduk, Rasio Jenis Kelamin Penduduk Menurut Kecamatan di Kabupaten Pesisir Selatan, 2024.xlsx",data\raw\Data Penduduk BPS\Sumatera Barat\Kabupaten Pesisir Selatan\data_penduduk_kabupate_001.xlsx
"data\raw\Data Penduduk BPS\Sumatera Barat\Kabupaten Sijunjung\Penduduk, Laju Pertumbuhan Penduduk, Distribusi Persentase Penduduk Kepadatan Penduduk, Rasio Jenis Kelamin Penduduk Menurut Kecamatan di Kabupaten Sijunjung, 2025.xlsx",data\raw\Data Penduduk BPS\Sumatera Barat\Kabupaten Sijunjung\data_penduduk_kabupate_001.xlsx
"data\raw\Data Penduduk BPS\Sumatera Barat\Kabupaten Solok\Penduduk, Laju Pertumbuhan Penduduk, Distribusi Persentase Penduduk Kepadatan Penduduk, Rasio Jenis Kelamin Penduduk Menurut Kecamatan di Kabupaten Solok, 2025.xlsx",data\raw\Data Penduduk BPS\Sumatera Barat\Kabupaten Solok\data_penduduk_kabupate_001.xlsx
"data\raw\Data Penduduk BPS\Sumatera Barat\Kabupaten Solok Selatan\Penduduk, Laju Pertumbuhan Penduduk, Distribusi Persentase Penduduk Kepadatan Penduduk, Rasio Jenis Kelamin Penduduk Menurut Kecamatan di Kabupaten Solok Selatan, 2025.xlsx",data\raw\Data Penduduk BPS\Sumatera Barat\Kabupaten Solok Selatan\data_penduduk_kabupate_001.xlsx
"data\raw\Data Penduduk BPS\Sumatera Barat\Kabupaten Tanah Datar\Penduduk, Laju Pertumbuhan Penduduk, Distribusi Persentase Penduduk Kepadatan Penduduk, Rasio Jenis Kelamin Penduduk Menurut Kecamatan di Kabupaten Tanah Datar, 2025.xlsx",data\raw\Data Penduduk BPS\Sumatera Barat\Kabupaten Tanah Datar\data_penduduk_kabupate_001.xlsx
"data\raw\Data Penduduk BPS\Sumatera Barat\Kota Bukit Tinggi\Jumlah Penduduk, Laju Pertumbuhan Penduduk, Distribusi Persentase Penduduk, Kepadatan Penduduk, Rasio Jenis Kelamin Penduduk Menurut Kecamatan di Kota Bukittinggi, 2025.xlsx",data\raw\Data Penduduk BPS\Sumatera Barat\Kota Bukit Tinggi\data_penduduk_kabupate_001.xlsx
"data\raw\Data Penduduk BPS\Sumatera Barat\Kota Padang\Penduduk, Laju Pertumbuhan Penduduk, Distribusi Persentase Penduduk, Kepadatan Penduduk, Rasio Jenis Kelamin Penduduk Menurut Kecamatan di Kabupaten Padang Lawas Utara, 2025.xlsx",data\raw\Data Penduduk BPS\Sumatera Barat\Kota Padang\data_penduduk_kabupate_001.xlsx
"data\raw\Data Penduduk BPS\Sumatera Barat\Kota Padang Panjang\Penduduk, Laju Pertumbuhan Penduduk, Distribusi Persentase Penduduk, Kepadatan Penduduk, Rasio Jenis Kelamin Penduduk Menurut Kecamatan di Kota Padang Panjang, 2025.xlsx",data\raw\Data Penduduk BPS\Sumatera Barat\Kota Padang Panjang\data_penduduk_kabupate_001.xlsx
"data\raw\Data Penduduk BPS\Sumatera Barat\Kota Pariaman\Penduduk, Laju Pertumbuhan Penduduk, Distribusi Persentase Penduduk, Kepadatan Penduduk, Rasio Jenis Kelamin Penduduk Menurut Kecamatan di Kota Pariaman, 2025.xlsx",data\raw\Data Penduduk BPS\Sumatera Barat\Kota Pariaman\data_penduduk_kabupate_001.xlsx
"data\raw\Data Penduduk BPS\Sumatera Barat\Kota Payakumbuh\Penduduk, Laju Pertumbuhan Penduduk, Distribusi Persentase Penduduk Kepadatan Penduduk, Rasio Jenis Kelamin Penduduk Menurut Kecamatan di Kota Payakumbuh, 2025.xlsx",data\raw\Data Penduduk BPS\Sumatera Barat\Kota Payakumbuh\data_penduduk_kabupate_001.xlsx
"data\raw\Data Penduduk BPS\Sumatera Barat\Kota Sawahlunto\Penduduk, Laju Pertumbuhan Penduduk, Distribusi Persentase Penduduk, Kepadatan Penduduk, Rasio Jenis Kelamin Penduduk Menurut Kecamatan di Kota Sawah Lunto, 2025.xlsx",data\raw\Data Penduduk BPS\Sumatera Barat\Kota Sawahlunto\data_penduduk_kabupate_001.xlsx
"data\raw\Data Penduduk BPS\Sumatera Barat\Kota Solok\Penduduk, Laju Pertumbuhan Penduduk, Distribusi Persentase Penduduk Kepadatan Penduduk, Rasio Jenis Kelamin Penduduk Menurut Kecamatan di Kota Solok, 2025.xlsx",data\raw\Data Penduduk BPS\Sumatera Barat\Kota Solok\data_penduduk_kabupate_001.xlsx
"data\raw\Data Penduduk BPS\Sumatera Selatan\Kabupaten Banyuasin\Penduduk, Laju Pertumbuhan Penduduk, Distribusi Persentase Penduduk Kepadatan Penduduk, Rasio Jenis Kelamin Penduduk Menurut Kecamatan di Kabupaten Banyu Asin, 2024.xlsx",data\raw\Data Penduduk BPS\Sumatera Selatan\Kabupaten Banyuasin\data_penduduk_kabupate_001.xlsx
"data\raw\Data Penduduk BPS\Sumatera Selatan\Kabupaten Empat Lawang\Penduduk, Laju Pertumbuhan Penduduk, Distribusi Persentase Penduduk Kepadatan Penduduk, Rasio Jenis Kelamin Penduduk Menurut Kecamatan di Kabupaten Empat Lawang, 2024.xlsx",data\raw\Data Penduduk BPS\Sumatera Selatan\Kabupaten Empat Lawang\data_penduduk_kabupate_001.xlsx
"data\raw\Data Penduduk BPS\Sumatera Selatan\Kabupaten Lahat\Penduduk, Laju Pertumbuhan Penduduk, Distribusi Persentase Penduduk, Kepadatan Penduduk, Rasio Jenis Kelamin Penduduk Menurut Kecamatan di Kabupaten Lahat, 2024.xlsx",data\raw\Data Penduduk BPS\Sumatera Selatan\Kabupaten Lahat\data_penduduk_kabupate_001.xlsx
"data\raw\Data Penduduk BPS\Sumatera Selatan\Kabupaten Muara Enim\Penduduk, Laju Pertumbuhan Penduduk, Distribusi Persentase Penduduk, Kepadatan Penduduk, Rasio Jenis Kelamin Penduduk Menurut Kecamatan di Kabupaten Muara Enim, 2024.xlsx",data\raw\Data Penduduk BPS\Sumatera Selatan\Kabupaten Muara Enim\data_penduduk_kabupate_001.xlsx
"data\raw\Data Penduduk BPS\Sumatera Selatan\Kabupaten Musi Banyuasin\Jumlah Penduduk, Laju Pertumbuhan Penduduk, Distribusi Persentase Penduduk, Kepadatan Penduduk, Rasio Jenis Kelamin Penduduk Menurut Kecamatan di Kabupaten Musi Banyuasin, 2024.xlsx",data\raw\Data Penduduk BPS\Sumatera Selatan\Kabupaten Musi Banyuasin\data_penduduk_kabupate_001.xlsx
"data\raw\Data Penduduk BPS\Sumatera Selatan\Kabupaten Musi Rawas\Penduduk, Laju Pertumbuhan Penduduk, Distribusi Persentase Penduduk Kepadatan Penduduk, Rasio Jenis Kelamin Penduduk Menurut Kecamatan di Kabupaten Musi Rawas, 2020.xlsx",data\raw\Data Penduduk BPS\Sumatera Selatan\Kabupaten Musi Rawas\data_penduduk_kabupate_001.xlsx
"data\raw\Data Penduduk BPS\Sumatera Selatan\Kabupaten Musi Rawas Utara\Penduduk, Laju Pertumbuhan Penduduk, Distribusi Persentase Penduduk, Kepadatan Penduduk, Rasio Jenis Kelamin Penduduk Menurut Kecamatan di Kabupaten Musi Rawas Utara, 2020.xlsx",data\raw\Data Penduduk BPS\Sumatera Selatan\Kabupaten Musi Rawas Utara\data_penduduk_kabupate_001.xlsx
"data\raw\Data Penduduk BPS\Sumatera Selatan\Kabupaten Ogan Komering Ilir\Penduduk, Laju Pertumbuhan Penduduk, Distribusi Persentase Penduduk, Kepadatan Penduduk, Rasio Jenis Kelamin Penduduk Menurut Kecamatan di Kabupaten Ogan Komering Ilir, 2024.xlsx",data\raw\Data Penduduk BPS\Sumatera Selatan\Kabupaten Ogan Komering Ilir\data_penduduk_kabupate_001.xlsx
"data\raw\Data Penduduk BPS\Sumatera Selatan\Kabupaten Ogan Komering Ulu\Penduduk, Laju Pertumbuhan Penduduk, Distribusi Persentase Penduduk, Kepadatan Penduduk, Rasio Jenis Kelamin Penduduk Menurut Kecamatan di Kabupaten Ogan Komering Ilir, 2024.xlsx",data\raw\Data Penduduk BPS\Sumatera Selatan\Kabupaten Ogan Komering Ulu\data_penduduk_kabupate_001.xlsx
"data\raw\Data Penduduk BPS\Sumatera Selatan\Kabupaten Ogan Komering Ulu Selatan\Jumlah Penduduk, Distribusi Persentase Penduduk, Kepadatan Penduduk, dan Rasio Jenis Kelamin Penduduk Menurut Kecamatan di Kabupaten Ogan Komering Ulu Selatan, 2024.xlsx",data\raw\Data Penduduk BPS\Sumatera Selatan\Kabupaten Ogan Komering Ulu Selatan\data_penduduk_kabupate_001.xlsx
"data\raw\Data Penduduk BPS\Sumatera Selatan\Kabupaten Ogan Komering Ulu Timur\Jumlah Penduduk, Laju Pertumbuhan Penduduk, Distribusi Persentase Penduduk, Kepadatan Penduduk, Rasio Jenis Kelamin Penduduk Menurut Kecamatan di Kabupaten Ogan Komering Ulu Timur, 2024.xlsx",data\raw\Data Penduduk BPS\Sumatera Selatan\Kabupaten Ogan Komering Ulu Timur\data_penduduk_kabupate_001.xlsx
"data\raw\Data Penduduk BPS\Sumatera Selatan\Kabupaten Penukal Abab Lemantang Ilir\Penduduk, Laju Pertumbuhan Penduduk, Distribusi Persentase Penduduk, Kepadatan Penduduk, Rasio Jenis Kelamin Penduduk Menurut Kecamatan di Kabupaten Penukal Abab Lematang Ilir, 2024.xlsx",data\raw\Data Penduduk BPS\Sumatera Selatan\Kabupaten Penukal Abab Lemantang Ilir\data_penduduk_kabupate_001.xlsx
"data\raw\Data Penduduk BPS\Sumatera Selatan\Kota Lubuklinggau\Penduduk, Laju Pertumbuhan Penduduk, Distribusi Persentase Penduduk Kepadatan Penduduk, Rasio Jenis Kelamin Penduduk Menurut Kecamatan di Kota Lubuklinggau, 2024.xlsx",data\raw\Data Penduduk BPS\Sumatera Selatan\Kota Lubuklinggau\data_penduduk_kabupate_001.xlsx
"data\raw\Data Penduduk BPS\Sumatera Selatan\Kota Pagar Alam\Penduduk, Laju Pertumbuhan Penduduk, Distribusi Persentase Penduduk, Kepadatan Penduduk, Rasio Jenis Kelamin Penduduk Menurut Kecamatan di Kota Pagar Alam, 2024.xlsx",data\raw\Data Penduduk BPS\Sumatera Selatan\Kota Pagar Alam\data_penduduk_kabupate_001.xlsx
"data\raw\Data Penduduk BPS\Sumatera Selatan\Kota Palembang\Penduduk, Laju Pertumbuhan Penduduk, Distribusi Persentase Penduduk, Kepadatan Penduduk, Rasio Jenis Kelamin Penduduk Menurut Kecamatan di Kota Palembang, 2023.xlsx",data\raw\Data Penduduk BPS\Sumatera Selatan\Kota Palembang\data_penduduk_kabupate_001.xlsx
"data\raw\Data Penduduk BPS\Sumatera Selatan\Kota Prabumulih\Penduduk, Laju Pertumbuhan Penduduk, Distribusi Persentase Penduduk Kepadatan Penduduk, Rasio Jenis Kelamin Penduduk Menurut Kecamatan di Kota Prabumulih, 2023.xlsx",data\raw\Data Penduduk BPS\Sumatera Selatan\Kota Prabumulih\data_penduduk_kabupate_001.xlsx
"data\raw\Data Penduduk BPS\Sumatera Utara\Kabupaten Asahan\Penduduk, Laju Pertumbuhan Penduduk, Distribusi Persentase Penduduk Kepadatan Penduduk, Rasio Jenis Kelamin Penduduk Menurut Kecamatan di Kabupaten Asahan, 2018.xlsx",data\raw\Data Penduduk BPS\Sumatera Utara\Kabupaten Asahan\data_penduduk_kabupate_001.xlsx
"data\raw\Data Penduduk BPS\Sumatera Utara\Kabupaten Batu Bara\Penduduk, Laju Pertumbuhan Penduduk, Distribusi Persentase Penduduk Kepadatan Penduduk, Rasio Jenis Kelamin Penduduk Menurut Kecamatan di Kabupaten Batu Bara, 2024.xlsx",data\raw\Data Penduduk BPS\Sumatera Utara\Kabupaten Batu Bara\data_penduduk_kabupate_001.xlsx
"data\raw\Data Penduduk BPS\Sumatera Utara\Kabupaten Dairi\Penduduk, Laju Pertumbuhan Penduduk, Distribusi Persentase Penduduk Kepadatan Penduduk, Rasio Jenis Kelamin Penduduk Menurut Kecamatan di Kabupaten Dairi, 2025.xlsx",data\raw\Data Penduduk BPS\Sumatera Utara\Kabupaten Dairi\data_penduduk_kabupate_001.xlsx
"data\raw\Data Penduduk BPS\Sumatera Utara\Kabupaten Deli Serdang\Penduduk, Laju Pertumbuhan Penduduk, Distribusi Persentase Penduduk Kepadatan Penduduk, Rasio Jenis Kelamin Penduduk Menurut Kecamatan di Kabupaten Deli Serdang, 2019.xlsx",data\raw\Data Penduduk BPS\Sumatera Utara\Kabupaten Deli Serdang\data_penduduk_kabupate_001.xlsx
"data\raw\Data Penduduk BPS\Sumatera Utara\Kabupaten Humbang Hasundutan\Penduduk, Laju Pertumbuhan Penduduk, Distribusi Persentase Penduduk Kepadatan Penduduk, Rasio Jenis Kelamin Penduduk Menurut Kecamatan di Kabupaten Humbang Hasundutan, 2020.xlsx",data\raw\Data Penduduk BPS\Sumatera Utara\Kabupaten Humbang Hasundutan\data_penduduk_kabupate_001.xlsx
"data\raw\Data Penduduk BPS\Sumatera Utara\Kabupaten Karo\Penduduk, Laju Pertumbuhan Penduduk, Distribusi Persentase Penduduk Kepadatan Penduduk, Rasio Jenis Kelamin Penduduk Menurut Kecamatan di Kabupaten Karo, 2024.xlsx",data\raw\Data Penduduk BPS\Sumatera Utara\Kabupaten Karo\data_penduduk_kabupate_001.xlsx
"data\raw\Data Penduduk BPS\Sumatera Utara\Kabupaten Labuhanbatu\Penduduk, Laju Pertumbuhan Penduduk, Distribusi Persentase Penduduk, Kepadatan Penduduk, Rasio Jenis Kelamin Penduduk Menurut Kecamatan di Kabupaten Labuhan Batu, 2024.xlsx",data\raw\Data Penduduk BPS\Sumatera Utara\Kabupaten Labuhanbatu\data_penduduk_kabupate_001.xlsx
"data\raw\Data Penduduk BPS\Sumatera Utara\Kabupaten Labuhanbatu Selatan\Penduduk, Laju Pertumbuhan Penduduk, Distribusi Persentase Penduduk Kepadatan Penduduk, Rasio Jenis Kelamin Penduduk Menurut Kecamatan di Kabupaten Labuhan Batu Selatan, 2022.xlsx",data\raw\Data Penduduk BPS\Sumatera Utara\Kabupaten Labuhanbatu Selatan\data_penduduk_kabupate_001.xlsx
"data\raw\Data Penduduk BPS\Sumatera Utara\Kabupaten labuhanbatu Utara\Penduduk, Laju Pertumbuhan Penduduk, Distribusi Persentase Penduduk Kepadatan Penduduk, Rasio Jenis Kelamin Penduduk Menurut Kecamatan di Kabupaten Labuhan Batu Utara, 2021.xlsx",data\raw\Data Penduduk BPS\Sumatera Utara\Kabupaten labuhanbatu Utara\data_penduduk_kabupate_001.xlsx
"data\raw\Data Penduduk BPS\Sumatera Utara\Kabupaten Langkat\Penduduk, Laju Pertumbuhan Penduduk, Distribusi Persentase Penduduk, Kepadatan Penduduk, Rasio Jenis Kelamin Penduduk Menurut Kecamatan di Kabupaten Langkat, 2025.xlsx",data\raw\Data Penduduk BPS\Sumatera Utara\Kabupaten Langkat\data_penduduk_kabupate_001.xlsx
"data\raw\Data Penduduk BPS\Sumatera Utara\Kabupaten Mandailing Natal\Penduduk, Laju Pertumbuhan Penduduk, Distribusi Persentase Penduduk Kepadatan Penduduk, Rasio Jenis Kelamin Penduduk Menurut Kecamatan di Kabupaten Mandailing Natal, 2025.xlsx",data\raw\Data Penduduk BPS\Sumatera Utara\Kabupaten Mandailing Natal\data_penduduk_kabupate_001.xlsx
"data\raw\Data Penduduk BPS\Sumatera Utara\Kabupaten Nias\Jumlah Penduduk Menurut Jenis Kelamin di Kabupaten Nias , 2024.xlsx",data\raw\Data Penduduk BPS\Sumatera Utara\Kabupaten Nias\data_penduduk_kabupate_001.xlsx
"data\raw\Data Penduduk BPS\Sumatera Utara\Kabupaten Nias Barat\Penduduk, Laju Pertumbuhan Penduduk, Distribusi Persentase Penduduk, Kepadatan Penduduk, Rasio Jenis Kelamin Penduduk Menurut Kecamatan di Kabupaten Nias Barat, 2023.xlsx",data\raw\Data Penduduk BPS\Sumatera Utara\Kabupaten Nias Barat\data_penduduk_kabupate_001.xlsx
"data\raw\Data Penduduk BPS\Sumatera Utara\Kabupaten Nias Selatan\Jumlah Penduduk Menurut Kecamatan di Kabupaten Nias Selatan, 2025.xlsx",data\raw\Data Penduduk BPS\Sumatera Utara\Kabupaten Nias Selatan\data_penduduk_kabupate_001.xlsx
"data\raw\Data Penduduk BPS\Sumatera Utara\Kabupaten Nias Utara\Jumlah Penduduk, Laju Pertumbuhan Penduduk, Distribusi Persentase Penduduk, Kepadatan Penduduk, Rasio Jenis Kelamin Penduduk Menurut Kecamatan di Kabupaten Nias Utara, 2025.xlsx",data\raw\Data Penduduk BPS\Sumatera Utara\Kabupaten Nias Utara\data_penduduk_kabupate_001.xlsx
"data\raw\Data Penduduk BPS\Sumatera Utara\Kabupaten Padang Lawas\Penduduk, Laju Pertumbuhan Penduduk, Distribusi Persentase Penduduk Kepadatan Penduduk, Rasio Jenis Kelamin Penduduk Menurut Kecamatan di Kabupaten Padang Lawas, 2020.xlsx",data\raw\Data Penduduk BPS\Sumatera Utara\Kabupaten Padang Lawas\data_penduduk_kabupate_001.xlsx
"data\raw\Data Penduduk BPS\Sumatera Utara\Kabupaten Padang Lawas Utara\Penduduk, Laju Pertumbuhan Penduduk, Distribusi Persentase Penduduk, Kepadatan Penduduk, Rasio Jenis Kelamin Penduduk Menurut Kecamatan di Kabupaten Padang Lawas Utara, 2025.xlsx",data\raw\Data Penduduk BPS\Sumatera Utara\Kabupaten Padang Lawas Utara\data_penduduk_kabupate_001.xlsx
"data\raw\Data Penduduk BPS\Sumatera Utara\Kabupaten Pakpak Bharat\Penduduk, Laju Pertumbuhan Penduduk, Distribusi Persentase Penduduk Kepadatan Penduduk, Rasio Jenis Kelamin Penduduk Menurut Kecamatan di Kabupaten Pakpak Bharat, 2023.xlsx",data\raw\Data Penduduk BPS\Sumatera Utara\Kabupaten Pakpak Bharat\data_penduduk_kabupate_001.xlsx
"data\raw\Data Penduduk BPS\Sumatera Utara\Kabupaten Samosir\Jumlah Penduduk, Laju Pertumbuhan Penduduk, Distribusi Persentase Penduduk, Kepadatan Penduduk, Rasio Jenis Kelamin Penduduk Menurut Kecamatan di Kabupaten Samosir, 2024.xlsx",data\raw\Data Penduduk BPS\Sumatera Utara\Kabupaten Samosir\data_penduduk_kabupate_001.xlsx
"data\raw\Data Penduduk BPS\Sumatera Utara\Kabupaten Serdang Bedagai\Penduduk, Laju Pertumbuhan Penduduk, Distribusi Persentase Penduduk Kepadatan Penduduk, Rasio Jenis Kelamin Penduduk Menurut Kecamatan di Kabupaten Serdang Bedagai, 2019.xlsx",data\raw\Data Penduduk BPS\Sumatera Utara\Kabupaten Serdang Bedagai\data_penduduk_kabupate_001.xlsx
"data\raw\Data Penduduk BPS\Sumatera Utara\Kabupaten Simalungun\Penduduk, Laju Pertumbuhan Penduduk, Distribusi Persentase Penduduk, Kepadatan Penduduk, Rasio Jenis Kelamin Penduduk Menurut Kecamatan di Kabupaten Simalungun, 2022.xlsx",data\raw\Data Penduduk BPS\Sumatera Utara\Kabupaten Simalungun\data_penduduk_kabupate_001.xlsx
"data\raw\Data Penduduk BPS\Sumatera Utara\Kabupaten Tapanuli Selatan\Penduduk, Laju Pertumbuhan Penduduk, Distribusi Persentase Penduduk Kepadatan Penduduk, Rasio Jenis Kelamin Penduduk Menurut Kecamatan di Kabupaten Tapanuli Selatan, 2018.xlsx",data\raw\Data Penduduk BPS\Sumatera Utara\Kabupaten Tapanuli Selatan\data_penduduk_kabupate_001.xlsx
"data\raw\Data Penduduk BPS\Sumatera Utara\Kabupaten Tapanuli Tengah\Jumlah Penduduk, Laju Pertumbuhan Penduduk, Distribusi Persentase Penduduk, Kepadatan Penduduk, Rasio Jenis Kelamin Penduduk Menurut Kecamatan di Kabupaten Tapanuli Tengah, 2025.xlsx",data\raw\Data Penduduk BPS\Sumatera Utara\Kabupaten Tapanuli Tengah\data_penduduk_kabupate_001.xlsx
"data\raw\Data Penduduk BPS\Sumatera Utara\Kabupaten Tapanuli Utara\Penduduk, Laju Pertumbuhan Penduduk, Distribusi Persentase Penduduk, Kepadatan Penduduk, Rasio Jenis Kelamin Penduduk Menurut Kecamatan di Kabupaten Tapanuli Utara, 2025.xlsx",data\raw\Data Penduduk BPS\Sumatera Utara\Kabupaten Tapanuli Utara\data_penduduk_kabupate_001.xlsx
"data\raw\Data Penduduk BPS\Sumatera Utara\Kabupaten Toba\Penduduk, Laju Pertumbuhan Penduduk, Distribusi Persentase Penduduk Kepadatan Penduduk, Rasio Jenis Kelamin Penduduk Menurut Kecamatan di Kabupaten Toba Samosir, 2023.xlsx",data\raw\Data Penduduk BPS\Sumatera Utara\Kabupaten Toba\data_penduduk_kabupate_001.xlsx
"data\raw\Data Penduduk BPS\Sumatera Utara\Kota Binjai\Penduduk, Laju Pertumbuhan Penduduk, Distribusi Persentase Penduduk, Kepadatan Penduduk, Rasio Jenis Kelamin Penduduk Menurut Kecamatan di Kota Binjai, 2023.xlsx",data\raw\Data Penduduk BPS\Sumatera Utara\Kota Binjai\data_penduduk_kabupate_001.xlsx
"data\raw\Data Penduduk BPS\Sumatera Utara\Kota Gunungsitoli\Penduduk, Laju Pertumbuhan Penduduk, Distribusi Persentase Penduduk Kepadatan Penduduk, Rasio Jenis Kelamin Penduduk Menurut Kecamatan di Kota Gunungsitoli, 2025.xlsx",data\raw\Data Penduduk BPS\Sumatera Utara\Kota Gunungsitoli\data_penduduk_kabupate_001.xlsx
"data\raw\Data Penduduk BPS\Sumatera Utara\Kota Medan\Jumlah Penduduk Kota Medan Menurut Kecamatan dan Jenis Kelamin, 2024.xlsx",data\raw\Data Penduduk BPS\Sumatera Utara\Kota Medan\data_penduduk_kabupate_001.xlsx
"data\raw\Data Penduduk BPS\Sumatera Utara\Kota Padangsidimpuan\Jumlah Penduduk Menurut Jenis Kelamin dan Kecamatan, 2022.xlsx",data\raw\Data Penduduk BPS\Sumatera Utara\Kota Padangsidimpuan\data_penduduk_kabupate_001.xlsx
"data\raw\Data Penduduk BPS\Sumatera Utara\Kota Pematangsiantar\Penduduk, Laju Pertumbuhan Penduduk, Distribusi Persentase Penduduk Kepadatan Penduduk, Rasio Jenis Kelamin Penduduk Menurut Kecamatan di Kota Pematang Siantar, 2018.xlsx",data\raw\Data Penduduk BPS\Sumatera Utara\Kota Pematangsiantar\data_penduduk_kabupate_001.xlsx
"data\raw\Data Penduduk BPS\Sumatera Utara\Kota Sibolga\Penduduk, Laju Pertumbuhan Penduduk, Distribusi Persentase Penduduk Kepadatan Penduduk, Rasio Jenis Kelamin Penduduk Menurut Kecamatan di Kota Sibolga, 2025.xlsx",data\raw\Data Penduduk BPS\Sumatera Utara\Kota Sibolga\data_penduduk_kabupate_001.xlsx
"data\raw\Data Penduduk BPS\Sumatera Utara\Kota Tanjungbalai\Jumlah Penduduk, Laju Pertumbuhan Penduduk, Distribusi Persentase Penduduk, Kepadatan Penduduk, Rasio Jenis Kelamin Penduduk Menurut Kecamatan di Kota Tanjung Balai, 2025.xlsx",data\raw\Data Penduduk BPS\Sumatera Utara\Kota Tanjungbalai\data_penduduk_kabupate_001.xlsx
data\raw\Data Penduduk BPS\Sumatera Utara\Kota Tebing tingi\penduduk.xls,data\raw\Data Penduduk BPS\Sumatera Utara\Kota Tebing tingi\data_penduduk_kabupate_001.xls
